{"subj20_results": {"(0, 25)": 0.24561403508771928, "(25, 50)": 0.3333333333333333, "(50, 75)": 0.3157894736842105, "(75, 100)": 0.3684210526315789, "(100, 125)": 0.3508771929824561, "(125, 150)": 0.47368421052631576, "(150, 175)": 0.5789473684210527, "(175, 200)": 0.5087719298245614, "(200, 225)": 0.6140350877192983, "(225, 250)": 0.5263157894736842, "(250, 275)": 0.38596491228070173, "(275, 300)": 0.40350877192982454, "(300, 325)": 0.3333333333333333, "(325, 350)": 0.38596491228070173, "(350, 375)": 0.40350877192982454, "(375, 400)": 0.38596491228070173}, "subj14_results": {"(0, 25)": 0.25806451612903225, "(25, 50)": 0.25806451612903225, "(50, 75)": 0.3387096774193548, "(75, 100)": 0.3225806451612903, "(100, 125)": 0.3387096774193548, "(125, 150)": 0.4032258064516129, "(150, 175)": 0.43548387096774194, "(175, 200)": 0.5645161290322581, "(200, 225)": 0.4032258064516129, "(225, 250)": 0.43548387096774194, "(250, 275)": 0.4032258064516129, "(275, 300)": 0.3709677419354839, "(300, 325)": 0.3387096774193548, "(325, 350)": 0.3387096774193548, "(350, 375)": 0.3870967741935484, "(375, 400)": 0.3225806451612903}, "subj08_results": {"(0, 25)": 0.3220338983050847, "(25, 50)": 0.3220338983050847, "(50, 75)": 0.3220338983050847, "(75, 100)": 0.3220338983050847, "(100, 125)": 0.3559322033898305, "(125, 150)": 0.4067796610169492, "(150, 175)": 0.4745762711864407, "(175, 200)": 0.4067796610169492, "(200, 225)": 0.4915254237288136, "(225, 250)": 0.423728813559322, "(250, 275)": 0.3220338983050847, "(275, 300)": 0.4406779661016949, "(300, 325)": 0.423728813559322, "(325, 350)": 0.288135593220339, "(350, 375)": 0.3559322033898305, "(375, 400)": 0.3389830508474576}, "subj02_results": {"(0, 25)": 0.32727272727272727, "(25, 50)": 0.32727272727272727, "(50, 75)": 0.43636363636363634, "(75, 100)": 0.3090909090909091, "(100, 125)": 0.34545454545454546, "(125, 150)": 0.23636363636363636, "(150, 175)": 0.38181818181818183, "(175, 200)": 0.3090909090909091, "(200, 225)": 0.38181818181818183, "(225, 250)": 0.38181818181818183, "(250, 275)": 0.32727272727272727, "(275, 300)": 0.2909090909090909, "(300, 325)": 0.34545454545454546, "(325, 350)": 0.2909090909090909, "(350, 375)": 0.32727272727272727, "(375, 400)": 0.2909090909090909}, "subj01_results": {"(0, 25)": 0.42857142857142855, "(25, 50)": 0.32142857142857145, "(50, 75)": 0.4642857142857143, "(75, 100)": 0.42857142857142855, "(100, 125)": 0.48214285714285715, "(125, 150)": 0.5357142857142857, "(150, 175)": 0.6071428571428571, "(175, 200)": 0.3392857142857143, "(200, 225)": 0.5, "(225, 250)": 0.4107142857142857, "(250, 275)": 0.5357142857142857, "(275, 300)": 0.35714285714285715, "(300, 325)": 0.375, "(325, 350)": 0.42857142857142855, "(350, 375)": 0.35714285714285715, "(375, 400)": 0.375}, "subj07_results": {"(0, 25)": 0.2711864406779661, "(25, 50)": 0.2711864406779661, "(50, 75)": 0.3050847457627119, "(75, 100)": 0.423728813559322, "(100, 125)": 0.3898305084745763, "(125, 150)": 0.3898305084745763, "(150, 175)": 0.4915254237288136, "(175, 200)": 0.3898305084745763, "(200, 225)": 0.4067796610169492, "(225, 250)": 0.423728813559322, "(250, 275)": 0.3898305084745763, "(275, 300)": 0.4067796610169492, "(300, 325)": 0.3050847457627119, "(325, 350)": 0.3389830508474576, "(350, 375)": 0.2542372881355932, "(375, 400)": 0.3728813559322034}, "subj11_results": {"(0, 25)": 0.34545454545454546, "(25, 50)": 0.4727272727272727, "(50, 75)": 0.2909090909090909, "(75, 100)": 0.3090909090909091, "(100, 125)": 0.43636363636363634, "(125, 150)": 0.23636363636363636, "(150, 175)": 0.43636363636363634, "(175, 200)": 0.4909090909090909, "(200, 225)": 0.3090909090909091, "(225, 250)": 0.36363636363636365, "(250, 275)": 0.34545454545454546, "(275, 300)": 0.2909090909090909, "(300, 325)": 0.2909090909090909, "(325, 350)": 0.2727272727272727, "(350, 375)": 0.38181818181818183, "(375, 400)": 0.45454545454545453}, "subj17_results": {"(0, 25)": 0.3392857142857143, "(25, 50)": 0.32142857142857145, "(50, 75)": 0.26785714285714285, "(75, 100)": 0.2857142857142857, "(100, 125)": 0.39285714285714285, "(125, 150)": 0.39285714285714285, "(150, 175)": 0.44642857142857145, "(175, 200)": 0.26785714285714285, "(200, 225)": 0.375, "(225, 250)": 0.4642857142857143, "(250, 275)": 0.39285714285714285, "(275, 300)": 0.25, "(300, 325)": 0.25, "(325, 350)": 0.39285714285714285, "(350, 375)": 0.3392857142857143, "(375, 400)": 0.375}, "subj19_results": {"(0, 25)": 0.24615384615384617, "(25, 50)": 0.3230769230769231, "(50, 75)": 0.2923076923076923, "(75, 100)": 0.27692307692307694, "(100, 125)": 0.24615384615384617, "(125, 150)": 0.2923076923076923, "(150, 175)": 0.4, "(175, 200)": 0.36923076923076925, "(200, 225)": 0.4307692307692308, "(225, 250)": 0.38461538461538464, "(250, 275)": 0.46153846153846156, "(275, 300)": 0.3230769230769231, "(300, 325)": 0.38461538461538464, "(325, 350)": 0.27692307692307694, "(350, 375)": 0.3384615384615385, "(375, 400)": 0.2923076923076923}, "subj06_results": {"(0, 25)": 0.3448275862068966, "(25, 50)": 0.3103448275862069, "(50, 75)": 0.2413793103448276, "(75, 100)": 0.3103448275862069, "(100, 125)": 0.2413793103448276, "(125, 150)": 0.3448275862068966, "(150, 175)": 0.4827586206896552, "(175, 200)": 0.5172413793103449, "(200, 225)": 0.4482758620689655, "(225, 250)": 0.46551724137931033, "(250, 275)": 0.41379310344827586, "(275, 300)": 0.3793103448275862, "(300, 325)": 0.25862068965517243, "(325, 350)": 0.3793103448275862, "(350, 375)": 0.2413793103448276, "(375, 400)": 0.43103448275862066}, "subj10_results": {"(0, 25)": 0.37037037037037035, "(25, 50)": 0.4074074074074074, "(50, 75)": 0.4074074074074074, "(75, 100)": 0.37037037037037035, "(100, 125)": 0.3148148148148148, "(125, 150)": 0.46296296296296297, "(150, 175)": 0.5370370370370371, "(175, 200)": 0.46296296296296297, "(200, 225)": 0.37037037037037035, "(225, 250)": 0.46296296296296297, "(250, 275)": 0.42592592592592593, "(275, 300)": 0.35185185185185186, "(300, 325)": 0.4444444444444444, "(325, 350)": 0.35185185185185186, "(350, 375)": 0.4444444444444444, "(375, 400)": 0.37037037037037035}, "subj16_results": {"(0, 25)": 0.34615384615384615, "(25, 50)": 0.34615384615384615, "(50, 75)": 0.40384615384615385, "(75, 100)": 0.36538461538461536, "(100, 125)": 0.38461538461538464, "(125, 150)": 0.36538461538461536, "(150, 175)": 0.28846153846153844, "(175, 200)": 0.38461538461538464, "(200, 225)": 0.23076923076923078, "(225, 250)": 0.3269230769230769, "(250, 275)": 0.3269230769230769, "(275, 300)": 0.3269230769230769, "(300, 325)": 0.2692307692307692, "(325, 350)": 0.34615384615384615, "(350, 375)": 0.40384615384615385, "(375, 400)": 0.38461538461538464}, "subj09_results": {"(0, 25)": 0.25862068965517243, "(25, 50)": 0.3793103448275862, "(50, 75)": 0.3793103448275862, "(75, 100)": 0.25862068965517243, "(100, 125)": 0.3620689655172414, "(125, 150)": 0.43103448275862066, "(150, 175)": 0.6896551724137931, "(175, 200)": 0.41379310344827586, "(200, 225)": 0.3448275862068966, "(225, 250)": 0.3793103448275862, "(250, 275)": 0.3103448275862069, "(275, 300)": 0.3275862068965517, "(300, 325)": 0.43103448275862066, "(325, 350)": 0.39655172413793105, "(350, 375)": 0.3793103448275862, "(375, 400)": 0.3448275862068966}, "subj12_results": {"(0, 25)": 0.2033898305084746, "(25, 50)": 0.3898305084745763, "(50, 75)": 0.3898305084745763, "(75, 100)": 0.3389830508474576, "(100, 125)": 0.4745762711864407, "(125, 150)": 0.3728813559322034, "(150, 175)": 0.3389830508474576, "(175, 200)": 0.4406779661016949, "(200, 225)": 0.3728813559322034, "(225, 250)": 0.2711864406779661, "(250, 275)": 0.288135593220339, "(275, 300)": 0.3898305084745763, "(300, 325)": 0.3389830508474576, "(325, 350)": 0.23728813559322035, "(350, 375)": 0.3728813559322034, "(375, 400)": 0.3728813559322034}, "subj04_results": {"(0, 25)": 0.3333333333333333, "(25, 50)": 0.22807017543859648, "(50, 75)": 0.2631578947368421, "(75, 100)": 0.3157894736842105, "(100, 125)": 0.3684210526315789, "(125, 150)": 0.3684210526315789,