{"subj20_results": {"(0, 80)": 0.3508771929824561, "(40, 120)": 0.40350877192982454, "(80, 160)": 0.5614035087719298, "(120, 200)": 0.6491228070175439, "(160, 240)": 0.6666666666666666, "(200, 280)": 0.5614035087719298, "(240, 320)": 0.45614035087719296, "(280, 360)": 0.40350877192982454, "(320, 400)": 0.43859649122807015, "(360, 440)": 0.3157894736842105, "(400, 480)": 0.3157894736842105}, "subj14_results": {"(0, 80)": 0.22580645161290322, "(40, 120)": 0.3387096774193548, "(80, 160)": 0.4032258064516129, "(120, 200)": 0.532258064516129, "(160, 240)": 0.5483870967741935, "(200, 280)": 0.4838709677419355, "(240, 320)": 0.3870967741935484, "(280, 360)": 0.41935483870967744, "(320, 400)": 0.3709677419354839, "(360, 440)": 0.3225806451612903, "(400, 480)": 0.3548387096774194}, "subj08_results": {"(0, 80)": 0.3389830508474576, "(40, 120)": 0.3389830508474576, "(80, 160)": 0.423728813559322, "(120, 200)": 0.4915254237288136, "(160, 240)": 0.4915254237288136, "(200, 280)": 0.3728813559322034, "(240, 320)": 0.3559322033898305, "(280, 360)": 0.3559322033898305, "(320, 400)": 0.3220338983050847, "(360, 440)": 0.3898305084745763, "(400, 480)": 0.4067796610169492}, "subj02_results": {"(0, 80)": 0.34545454545454546, "(40, 120)": 0.45454545454545453, "(80, 160)": 0.2, "(120, 200)": 0.2727272727272727, "(160, 240)": 0.3090909090909091, "(200, 280)": 0.36363636363636365, "(240, 320)": 0.34545454545454546, "(280, 360)": 0.32727272727272727, "(320, 400)": 0.2545454545454545, "(360, 440)": 0.2909090909090909, "(400, 480)": 0.4}, "subj01_results": {"(0, 80)": 0.4107142857142857, "(40, 120)": 0.44642857142857145, "(80, 160)": 0.625, "(120, 200)": 0.6071428571428571, "(160, 240)": 0.5178571428571429, "(200, 280)": 0.5178571428571429, "(240, 320)": 0.35714285714285715, "(280, 360)": 0.35714285714285715, "(320, 400)": 0.375, "(360, 440)": 0.44642857142857145, "(400, 480)": 0.42857142857142855}, "subj07_results": {"(0, 80)": 0.23728813559322035, "(40, 120)": 0.3389830508474576, "(80, 160)": 0.4067796610169492, "(120, 200)": 0.559322033898305, "(160, 240)": 0.3898305084745763, "(200, 280)": 0.4406779661016949, "(240, 320)": 0.423728813559322, "(280, 360)": 0.3898305084745763, "(320, 400)": 0.3728813559322034, "(360, 440)": 0.3389830508474576, "(400, 480)": 0.2711864406779661}, "subj11_results": {"(0, 80)": 0.34545454545454546, "(40, 120)": 0.3090909090909091, "(80, 160)": 0.34545454545454546, "(120, 200)": 0.41818181818181815, "(160, 240)": 0.5636363636363636, "(200, 280)": 0.36363636363636365, "(240, 320)": 0.34545454545454546, "(280, 360)": 0.21818181818181817, "(320, 400)": 0.36363636363636365, "(360, 440)": 0.36363636363636365, "(400, 480)": 0.4909090909090909}, "subj17_results": {"(0, 80)": 0.3392857142857143, "(40, 120)": 0.30357142857142855, "(80, 160)": 0.5, "(120, 200)": 0.42857142857142855, "(160, 240)": 0.4642857142857143, "(200, 280)": 0.35714285714285715, "(240, 320)": 0.26785714285714285, "(280, 360)": 0.32142857142857145, "(320, 400)": 0.30357142857142855, "(360, 440)": 0.4107142857142857, "(400, 480)": 0.26785714285714285}, "subj19_results": {"(0, 80)": 0.2923076923076923, "(40, 120)": 0.3230769230769231, "(80, 160)": 0.24615384615384617, "(120, 200)": 0.3076923076923077, "(160, 240)": 0.4153846153846154, "(200, 280)": 0.4, "(240, 320)": 0.3230769230769231, "(280, 360)": 0.3384615384615385, "(320, 400)": 0.2923076923076923, "(360, 440)": 0.27692307692307694, "(400, 480)": 0.3076923076923077}, "subj06_results": {"(0, 80)": 0.25862068965517243, "(40, 120)": 0.29310344827586204, "(80, 160)": 0.39655172413793105, "(120, 200)": 0.39655172413793105, "(160, 240)": 0.5344827586206896, "(200, 280)": 0.43103448275862066, "(240, 320)": 0.43103448275862066, "(280, 360)": 0.3620689655172414, "(320, 400)": 0.41379310344827586, "(360, 440)": 0.3275862068965517, "(400, 480)": 0.27586206896551724}, "subj10_results": {"(0, 80)": 0.35185185185185186, "(40, 120)": 0.35185185185185186, "(80, 160)": 0.48148148148148145, "(120, 200)": 0.46296296296296297, "(160, 240)": 0.48148148148148145, "(200, 280)": 0.42592592592592593, "(240, 320)": 0.3888888888888889, "(280, 360)": 0.3888888888888889, "(320, 400)": 0.3333333333333333, "(360, 440)": 0.35185185185185186, "(400, 480)": 0.3888888888888889}, "subj16_results": {"(0, 80)": 0.34615384615384615, "(40, 120)": 0.4423076923076923, "(80, 160)": 0.34615384615384615, "(120, 200)": 0.2692307692307692, "(160, 240)": 0.3076923076923077, "(200, 280)": 0.28846153846153844, "(240, 320)": 0.36538461538461536, "(280, 360)": 0.25, "(320, 400)": 0.38461538461538464, "(360, 440)": 0.34615384615384615, "(400, 480)": 0.4423076923076923}, "subj09_results": {"(0, 80)": 0.3793103448275862, "(40, 120)": 0.3793103448275862, "(80, 160)": 0.5344827586206896, "(120, 200)": 0.6896551724137931, "(160, 240)": 0.5689655172413793, "(200, 280)": 0.43103448275862066, "(240, 320)": 0.43103448275862066, "(280, 360)": 0.43103448275862066, "(320, 400)": 0.43103448275862066, "(360, 440)": 0.29310344827586204, "(400, 480)": 0.3620689655172414}, "subj12_results": {"(0, 80)": 0.3050847457627119, "(40, 120)": 0.3389830508474576, "(80, 160)": 0.423728813559322, "(120, 200)": 0.4067796610169492, "(160, 240)": 0.3389830508474576, "(200, 280)": 0.3898305084745763, "(240, 320)": 0.3389830508474576, "(280, 360)": 0.3559322033898305, "(320, 400)": 0.2542372881355932, "(360, 440)": 0.3220338983050847, "(400, 480)": 0.2542372881355932}, "subj04_results": {"(0, 80)": 0.2807017543859649, "(40, 120)": 0.3333333333333333, "(80, 160)": 0.43859649122807015, "(120, 200)": 0.43859649122807015, "(160, 240)": 0.3684210526315789, "(200, 280)": 0.3157894736842105, "(240, 320)": 0.40350877192982454, "(280, 360)": 0.40350877192982454, "(320, 400)": 0.24561403508771928, "(360, 440)": 0.2631578947368421, "(400, 480)": 0.3333333333333333}, "subj03_results": {"(0, 80)": 0.26666666666666666, "(40, 120)": 0.38333333333333336, "(80, 160)": 0.36666666666666664, "(120, 200)": 0.55, "(160, 240)": 0.55, "(200, 280)": 0.43333333333333335, "(240, 320)": 0.36666666666666664, "(280, 360)": 0.36666666666666664, "(320, 400)": 0.38333333333333336, "(360, 440)": 0.43333333333333335, "(400, 480)": 0.3}, "subj05_results": {"(0, 80)": 0.3448275862068966, "(40, 120)": 0.3448275862068966, "(80, 160)": 0.3275862068965517, "(120, 200)": 0.3448275862068966, "(160, 240)": 0.3275862068965517, "(200, 280)": 0.3275862068965517, "(240, 320)": 0.3448275862068966, "(280, 360)": 0.46551724137931033, "(320, 400)": 0.4482758620689655, "(360, 440)": 0.3620689655172414, "(400, 480)": 0.3448275862068966}, "subj13_results": {"(0, 80)": 0.2857142857142857, "(40, 120)": 0.30357142857142855, "(80, 160)": 0.48214285714285715, "(120, 200)": 0.4642857142857143, "(160, 240)": 0.5, "(200, 280)": 0.4642857142857143, "(240, 320)": 0.42857142857142855, "(280, 360)": 0.32142857142857145, "(320, 400)": 0.2857142857142857, "(360, 440)": 0.23214285714285715, "(400, 480)": 0.26785714285714285}, "subj15_results": {"(0, 80)": 0.3392857142857143, "(40, 120)": 0.32142857142857145, "(80, 160)": 0.30357142857142855, "(120, 200)": 0.35714285714285715, "(160, 240)": 0.39285714285714285, "(200, 280)": 0.39285714285714285, "(240, 320)": 0.32142857142857145, "(280, 360)": 0.35714285714285715, "(320, 400)": 0.32142857142857145, "(360, 440)": 0.21428571428571427, "(400, 480)": 0.35714285714285715}, "avg_all": {"(0, 80)": 0.3181257420928167, "(40, 120)": 0.35520781467059975, "(80, 160)": 0.4111951818877394, "(120, 200)": 0.4550829974790747, "(160, 240)": 0.45984915574566226, "(200, 280)": 0.4084865965924593, "(240, 320)": 0.3727480369182894, "(280, 360)": 0.35964749916280175, "(320, 400)": 0.347101058230835, "(360, 440)": 0.33165858333042675, "(400, 480)": 0.345797372549562}}