{"subj20_results": {"(0, 100)": 0.40350877192982454, "(25, 125)": 0.43859649122807015, "(50, 150)": 0.49122807017543857, "(75, 175)": 0.631578947368421, "(100, 200)": 0.6140350877192983, "(125, 225)": 0.6666666666666666, "(150, 250)": 0.6842105263157895, "(175, 275)": 0.5789473684210527, "(200, 300)": 0.5789473684210527, "(225, 325)": 0.543859649122807, "(250, 350)": 0.3684210526315789, "(275, 375)": 0.49122807017543857, "(300, 400)": 0.45614035087719296}, "subj14_results": {"(0, 100)": 0.27419354838709675, "(25, 125)": 0.3225806451612903, "(50, 150)": 0.3225806451612903, "(75, 175)": 0.45161290322580644, "(100, 200)": 0.45161290322580644, "(125, 225)": 0.5967741935483871, "(150, 250)": 0.532258064516129, "(175, 275)": 0.5161290322580645, "(200, 300)": 0.5161290322580645, "(225, 325)": 0.4032258064516129, "(250, 350)": 0.3870967741935484, "(275, 375)": 0.3548387096774194, "(300, 400)": 0.3709677419354839}, "subj08_results": {"(0, 100)": 0.3559322033898305, "(25, 125)": 0.288135593220339, "(50, 150)": 0.3898305084745763, "(75, 175)": 0.423728813559322, "(100, 200)": 0.4915254237288136, "(125, 225)": 0.4745762711864407, "(150, 250)": 0.5254237288135594, "(175, 275)": 0.4406779661016949, "(200, 300)": 0.4067796610169492, "(225, 325)": 0.4067796610169492, "(250, 350)": 0.3728813559322034, "(275, 375)": 0.4067796610169492, "(300, 400)": 0.3220338983050847}, "subj02_results": {"(0, 100)": 0.34545454545454546, "(25, 125)": 0.38181818181818183, "(50, 150)": 0.21818181818181817, "(75, 175)": 0.16363636363636364, "(100, 200)": 0.34545454545454546, "(125, 225)": 0.38181818181818183, "(150, 250)": 0.3090909090909091, "(175, 275)": 0.36363636363636365, "(200, 300)": 0.32727272727272727, "(225, 325)": 0.34545454545454546, "(250, 350)": 0.23636363636363636, "(275, 375)": 0.2909090909090909, "(300, 400)": 0.2727272727272727}, "subj01_results": {"(0, 100)": 0.4642857142857143, "(25, 125)": 0.4642857142857143, "(50, 150)": 0.48214285714285715, "(75, 175)": 0.625, "(100, 200)": 0.5535714285714286, "(125, 225)": 0.5714285714285714, "(150, 250)": 0.6071428571428571, "(175, 275)": 0.4642857142857143, "(200, 300)": 0.42857142857142855, "(225, 325)": 0.3392857142857143, "(250, 350)": 0.39285714285714285, "(275, 375)": 0.375, "(300, 400)": 0.3392857142857143}, "subj07_results": {"(0, 100)": 0.2542372881355932, "(25, 125)": 0.288135593220339, "(50, 150)": 0.3559322033898305, "(75, 175)": 0.4745762711864407, "(100, 200)": 0.4745762711864407, "(125, 225)": 0.4576271186440678, "(150, 250)": 0.423728813559322, "(175, 275)": 0.3389830508474576, "(200, 300)": 0.4576271186440678, "(225, 325)": 0.4745762711864407, "(250, 350)": 0.3389830508474576, "(275, 375)": 0.3728813559322034, "(300, 400)": 0.3389830508474576}, "subj11_results": {"(0, 100)": 0.2727272727272727, "(25, 125)": 0.32727272727272727, "(50, 150)": 0.23636363636363636, "(75, 175)": 0.41818181818181815, "(100, 200)": 0.41818181818181815, "(125, 225)": 0.4909090909090909, "(150, 250)": 0.5272727272727272, "(175, 275)": 0.4727272727272727, "(200, 300)": 0.32727272727272727, "(225, 325)": 0.36363636363636365, "(250, 350)": 0.23636363636363636, "(275, 375)": 0.2, "(300, 400)": 0.38181818181818183}, "subj17_results": {"(0, 100)": 0.3392857142857143, "(25, 125)": 0.3392857142857143, "(50, 150)": 0.5, "(75, 175)": 0.5178571428571429, "(100, 200)": 0.42857142857142855, "(125, 225)": 0.42857142857142855, "(150, 250)": 0.5, "(175, 275)": 0.42857142857142855, "(200, 300)": 0.35714285714285715, "(225, 325)": 0.30357142857142855, "(250, 350)": 0.39285714285714285, "(275, 375)": 0.32142857142857145, "(300, 400)": 0.35714285714285715}, "subj19_results": {"(0, 100)": 0.3076923076923077, "(25, 125)": 0.3384615384615385, "(50, 150)": 0.23076923076923078, "(75, 175)": 0.18461538461538463, "(100, 200)": 0.2153846153846154, "(125, 225)": 0.3384615384615385, "(150, 250)": 0.4307692307692308, "(175, 275)": 0.4307692307692308, "(200, 300)": 0.36923076923076925, "(225, 325)": 0.36923076923076925, "(250, 350)": 0.4, "(275, 375)": 0.35384615384615387, "(300, 400)": 0.23076923076923078}, "subj06_results": {"(0, 100)": 0.22413793103448276, "(25, 125)": 0.25862068965517243, "(50, 150)": 0.27586206896551724, "(75, 175)": 0.41379310344827586, "(100, 200)": 0.39655172413793105, "(125, 225)": 0.5517241379310345, "(150, 250)": 0.46551724137931033, "(175, 275)": 0.4482758620689655, "(200, 300)": 0.43103448275862066, "(225, 325)": 0.41379310344827586, "(250, 350)": 0.39655172413793105, "(275, 375)": 0.3103448275862069, "(300, 400)": 0.3448275862068966}, "subj10_results": {"(0, 100)": 0.2962962962962963, "(25, 125)": 0.4074074074074074, "(50, 150)": 0.48148148148148145, "(75, 175)": 0.48148148148148145, "(100, 200)": 0.5185185185185185, "(125, 225)": 0.5370370370370371, "(150, 250)": 0.46296296296296297, "(175, 275)": 0.5185185185185185, "(200, 300)": 0.3888888888888889, "(225, 325)": 0.46296296296296297, "(250, 350)": 0.3888888888888889, "(275, 375)": 0.3888888888888889, "(300, 400)": 0.3888888888888889}, "subj16_results": {"(0, 100)": 0.34615384615384615, "(25, 125)": 0.36538461538461536, "(50, 150)": 0.34615384615384615, "(75, 175)": 0.38461538461538464, "(100, 200)": 0.28846153846153844, "(125, 225)": 0.23076923076923078, "(150, 250)": 0.3269230769230769, "(175, 275)": 0.38461538461538464, "(200, 300)": 0.3076923076923077, "(225, 325)": 0.34615384615384615, "(250, 350)": 0.3269230769230769, "(275, 375)": 0.3269230769230769, "(300, 400)": 0.36538461538461536}, "subj09_results": {"(0, 100)": 0.29310344827586204, "(25, 125)": 0.3620689655172414, "(50, 150)": 0.3275862068965517, "(75, 175)": 0.603448275862069, "(100, 200)": 0.6896551724137931, "(125, 225)": 0.6724137931034483, "(150, 250)": 0.603448275862069, "(175, 275)": 0.46551724137931033, "(200, 300)": 0.3620689655172414, "(225, 325)": 0.4482758620689655, "(250, 350)": 0.41379310344827586, "(275, 375)": 0.3793103448275862, "(300, 400)": 0.3620689655172414}, "subj12_results": {"(0, 100)": 0.3050847457627119, "(25, 125)": 0.3220338983050847, "(50, 150)": 0.4915254237288136, "(75, 175)": 0.423728813559322, "(100, 200)": 0.3898305084745763, "(125, 225)": 0.3728813559322034, "(150, 250)": 0.2542372881355932, "(175, 275)": 0.4067796610169492, "(200, 300)": 0.4067796610169492, "(225, 325)": 0.3050847457627119, "(250, 350)": 0.3050847457627119, "(275, 375)": 0.3389830508474576, "(300, 400)": 0.3050847457627119}, "subj04_results": {"(0, 100)": 0.3333333333333333, "(25, 125)": 0.2982456140350877, "(50, 150)": 0.38596491228070173, "(75, 175)": 0.38596491228070173, "(100, 200)": 0.42105263157894735, "(125, 225)": 0.38596491228070173, "(150, 250)": 0.3157894736842105, "(175, 275)": 0.2982456140350877, "(200, 300)": 0.3684210526315789, "(225, 325)": 0.40350877192982454, "(250, 350)": 0.47368421052631576, "(275, 375)": 0.42105263157894735, "(300, 400)": 0.40350877192982454}, "subj03_results": {"(0, 100)": 0.3333333333333333, "(25, 125)": 0.43333333333333335, "(50, 150)": 0.4, "(75, 175)": 0.6166666666666667, "(100, 200)": 0.5333333333333333, "(125, 225)": 0.5666666666666667, "(150, 250)": 0.55, "(175, 275)": 0.5166666666666667, "(200, 300)": 0.43333333333333335, "(225, 325)": 0.45, "(250, 350)": 0.36666666666666664, "(275, 375)": 0.38333333333333336, "(300, 400)": 0.4}, "subj05_results": {"(0, 100)": 0.29310344827586204, "(25, 125)": 0.3448275862068966, "(50, 150)": 0.29310344827586204, "(75, 175)": 0.3448275862068966, "(100, 200)": 0.3275862068965517, "(125, 225)": 0.3448275862068966, "(150, 250)": 0.3275862068965517, "(175, 275)": 0.3275862068965517, "(200, 300)": 0.3275862068965517, "(225, 325)": 0.39655172413793105, "(250, 350)": 0.41379310344827586, "(275, 375)": 0.41379310344827586, "(300, 400)": 0.43103448275862066}, "subj13_results": {"(0, 100)": 0.30357142857142855, "(25, 125)": 0.3392857142857143, "(50, 150)": 0.4107142857142857, "(75, 175)": 0.5, "(100, 200)": 0.48214285714285715, "(125, 225)": 0.5, "(150, 250)": 0.6071428571428571, "(175, 275)": 0.5178571428571429, "(200, 300)": 0.44642857142857145,