{"subj20_results": {"(300, 400)": 0.45614035087719296, "(325, 425)": 0.40350877192982454, "(350, 450)": 0.3333333333333333, "(375, 475)": 0.38596491228070173, "(400, 500)": 0.3333333333333333, "(425, 525)": 0.3157894736842105, "(450, 550)": 0.42105263157894735, "(475, 575)": 0.45614035087719296, "(500, 600)": 0.43859649122807015, "(525, 625)": 0.42105263157894735, "(550, 650)": 0.42105263157894735, "(575, 675)": 0.45614035087719296, "(600, 700)": 0.2807017543859649}, "subj14_results": {"(300, 400)": 0.3709677419354839, "(325, 425)": 0.3387096774193548, "(350, 450)": 0.3548387096774194, "(375, 475)": 0.3387096774193548, "(400, 500)": 0.25806451612903225, "(425, 525)": 0.3225806451612903, "(450, 550)": 0.27419354838709675, "(475, 575)": 0.27419354838709675, "(500, 600)": 0.3548387096774194, "(525, 625)": 0.3870967741935484, "(550, 650)": 0.3709677419354839, "(575, 675)": 0.3225806451612903, "(600, 700)": 0.2903225806451613}, "subj08_results": {"(300, 400)": 0.3220338983050847, "(325, 425)": 0.3559322033898305, "(350, 450)": 0.4067796610169492, "(375, 475)": 0.4067796610169492, "(400, 500)": 0.3559322033898305, "(425, 525)": 0.3559322033898305, "(450, 550)": 0.288135593220339, "(475, 575)": 0.3559322033898305, "(500, 600)": 0.423728813559322, "(525, 625)": 0.4576271186440678, "(550, 650)": 0.4067796610169492, "(575, 675)": 0.423728813559322, "(600, 700)": 0.4745762711864407}, "subj02_results": {"(300, 400)": 0.2727272727272727, "(325, 425)": 0.4, "(350, 450)": 0.32727272727272727, "(375, 475)": 0.38181818181818183, "(400, 500)": 0.41818181818181815, "(425, 525)": 0.38181818181818183, "(450, 550)": 0.38181818181818183, "(475, 575)": 0.2909090909090909, "(500, 600)": 0.3090909090909091, "(525, 625)": 0.38181818181818183, "(550, 650)": 0.32727272727272727, "(575, 675)": 0.36363636363636365, "(600, 700)": 0.43636363636363634}, "subj01_results": {"(300, 400)": 0.3392857142857143, "(325, 425)": 0.39285714285714285, "(350, 450)": 0.4642857142857143, "(375, 475)": 0.42857142857142855, "(400, 500)": 0.44642857142857145, "(425, 525)": 0.375, "(450, 550)": 0.39285714285714285, "(475, 575)": 0.30357142857142855, "(500, 600)": 0.23214285714285715, "(525, 625)": 0.21428571428571427, "(550, 650)": 0.30357142857142855, "(575, 675)": 0.25, "(600, 700)": 0.23214285714285715}, "subj07_results": {"(300, 400)": 0.3389830508474576, "(325, 425)": 0.3220338983050847, "(350, 450)": 0.2542372881355932, "(375, 475)": 0.3898305084745763, "(400, 500)": 0.3559322033898305, "(425, 525)": 0.3898305084745763, "(450, 550)": 0.3050847457627119, "(475, 575)": 0.2711864406779661, "(500, 600)": 0.3389830508474576, "(525, 625)": 0.3220338983050847, "(550, 650)": 0.3898305084745763, "(575, 675)": 0.3898305084745763, "(600, 700)": 0.3389830508474576}, "subj11_results": {"(300, 400)": 0.38181818181818183, "(325, 425)": 0.4, "(350, 450)": 0.38181818181818183, "(375, 475)": 0.4, "(400, 500)": 0.4909090909090909, "(425, 525)": 0.43636363636363634, "(450, 550)": 0.43636363636363634, "(475, 575)": 0.4, "(500, 600)": 0.43636363636363634, "(525, 625)": 0.4, "(550, 650)": 0.32727272727272727, "(575, 675)": 0.36363636363636365, "(600, 700)": 0.36363636363636365}, "subj17_results": {"(300, 400)": 0.35714285714285715, "(325, 425)": 0.30357142857142855, "(350, 450)": 0.32142857142857145, "(375, 475)": 0.32142857142857145, "(400, 500)": 0.30357142857142855, "(425, 525)": 0.25, "(450, 550)": 0.19642857142857142, "(475, 575)": 0.21428571428571427, "(500, 600)": 0.25, "(525, 625)": 0.25, "(550, 650)": 0.19642857142857142, "(575, 675)": 0.21428571428571427, "(600, 700)": 0.10714285714285714}, "subj19_results": {"(300, 400)": 0.23076923076923078, "(325, 425)": 0.24615384615384617, "(350, 450)": 0.27692307692307694, "(375, 475)": 0.24615384615384617, "(400, 500)": 0.24615384615384617, "(425, 525)": 0.3076923076923077, "(450, 550)": 0.3230769230769231, "(475, 575)": 0.3076923076923077, "(500, 600)": 0.3384615384615385, "(525, 625)": 0.4153846153846154, "(550, 650)": 0.4307692307692308, "(575, 675)": 0.35384615384615387, "(600, 700)": 0.3230769230769231}, "subj06_results": {"(300, 400)": 0.3448275862068966, "(325, 425)": 0.41379310344827586, "(350, 450)": 0.3620689655172414, "(375, 475)": 0.3275862068965517, "(400, 500)": 0.3275862068965517, "(425, 525)": 0.29310344827586204, "(450, 550)": 0.3275862068965517, "(475, 575)": 0.39655172413793105, "(500, 600)": 0.3793103448275862, "(525, 625)": 0.3275862068965517, "(550, 650)": 0.3103448275862069, "(575, 675)": 0.29310344827586204, "(600, 700)": 0.27586206896551724}, "subj10_results": {"(300, 400)": 0.3888888888888889, "(325, 425)": 0.3333333333333333, "(350, 450)": 0.37037037037037035, "(375, 475)": 0.4074074074074074, "(400, 500)": 0.4074074074074074, "(425, 525)": 0.37037037037037035, "(450, 550)": 0.35185185185185186, "(475, 575)": 0.3333333333333333, "(500, 600)": 0.4074074074074074, "(525, 625)": 0.4074074074074074, "(550, 650)": 0.37037037037037035, "(575, 675)": 0.3888888888888889, "(600, 700)": 0.4074074074074074}, "subj16_results": {"(300, 400)": 0.36538461538461536, "(325, 425)": 0.3269230769230769, "(350, 450)": 0.2692307692307692, "(375, 475)": 0.40384615384615385, "(400, 500)": 0.34615384615384615, "(425, 525)": 0.19230769230769232, "(450, 550)": 0.3076923076923077, "(475, 575)": 0.23076923076923078, "(500, 600)": 0.28846153846153844, "(525, 625)": 0.2692307692307692, "(550, 650)": 0.2692307692307692, "(575, 675)": 0.3269230769230769, "(600, 700)": 0.3076923076923077}, "subj09_results": {"(300, 400)": 0.3620689655172414, "(325, 425)": 0.3793103448275862, "(350, 450)": 0.39655172413793105, "(375, 475)": 0.3103448275862069, "(400, 500)": 0.3620689655172414, "(425, 525)": 0.3103448275862069, "(450, 550)": 0.29310344827586204, "(475, 575)": 0.27586206896551724, "(500, 600)": 0.3448275862068966, "(525, 625)": 0.43103448275862066, "(550, 650)": 0.4482758620689655, "(575, 675)": 0.5517241379310345, "(600, 700)": 0.43103448275862066}, "subj12_results": {"(300, 400)": 0.3050847457627119, "(325, 425)": 0.2542372881355932, "(350, 450)": 0.2711864406779661, "(375, 475)": 0.2711864406779661, "(400, 500)": 0.2542372881355932, "(425, 525)": 0.3050847457627119, "(450, 550)": 0.3559322033898305, "(475, 575)": 0.3220338983050847, "(500, 600)": 0.3050847457627119, "(525, 625)": 0.3389830508474576, "(550, 650)": 0.3050847457627119, "(575, 675)": 0.3728813559322034, "(600, 700)": 0.3220338983050847}, "subj04_results": {"(300, 400)": 0.40350877192982454, "(325, 425)": 0.24561403508771928, "(350, 450)": 0.2807017543859649, "(375, 475)": 0.3333333333333333, "(400, 500)": 0.2982456140350877, "(425, 525)": 0.3333333333333333, "(450, 550)": 0.2807017543859649, "(475, 575)": 0.2807017543859649, "(500, 600)": 0.3333333333333333, "(525, 625)": 0.3684210526315789, "(550, 650)": 0.24561403508771928, "(575, 675)": 0.40350877192982454, "(600, 700)": 0.40350877192982454}, "subj03_results": {"(300, 400)": 0.4, "(325, 425)": 0.4, "(350, 450)": 0.38333333333333336, "(375, 475)": 0.3333333333333333, "(400, 500)": 0.31666666666666665, "(425, 525)": 0.3, "(450, 550)": 0.31666666666666665, "(475, 575)": 0.36666666666666664, "(500, 600)": 0.36666666666666664, "(525, 625)": 0.38333333333333336, "(550, 650)": 0.36666666666666664, "(575, 675)": 0.4166666666666667, "(600, 700)": 0.38333333333333336}, "subj05_results": {"(300, 400)": 0.43103448275862066, "(325, 425)": 0.3448275862068966, "(350, 450)": 0.3448275862068966, "(375, 475)": 0.3620689655172414, "(400, 500)": 0.46551724137931033, "(425, 525)": 0.43103448275862066, "(450, 550)": 0.3793103448275862, "(475, 575)": 0.3275862068965517, "(500, 600)": 0.39655172413793105, "(525, 625)": 0.46551724137931033, "(550, 650)": 0.43103448275862066, "(575, 675)": 0.3793103448275862, "(600, 700)": 0.41379310344827586}, "subj13_results": {"(300, 400)": 0.2857142857142857, "(325, 425)": 0.23214285714285715, "(350, 450)": 0.32142857142857145, "(375, 475)": 0.2857142857142857, "(400, 500)": 0.30357142857142855, "(425, 525)": 0.35714285714285715,