{"subj20_results": {"(0, 100)": 0.40350877192982454, "(100, 200)": 0.6140350877192983, "(200, 300)": 0.5789473684210527, "(300, 400)": 0.45614035087719296}, "subj14_results": {"(0, 100)": 0.27419354838709675, "(100, 200)": 0.45161290322580644, "(200, 300)": 0.5161290322580645, "(300, 400)": 0.3709677419354839}, "subj08_results": {"(0, 100)": 0.3559322033898305, "(100, 200)": 0.4915254237288136, "(200, 300)": 0.4067796610169492, "(300, 400)": 0.3220338983050847}, "subj02_results": {"(0, 100)": 0.34545454545454546, "(100, 200)": 0.34545454545454546, "(200, 300)": 0.32727272727272727, "(300, 400)": 0.2727272727272727}, "subj01_results": {"(0, 100)": 0.4642857142857143, "(100, 200)": 0.5535714285714286, "(200, 300)": 0.42857142857142855, "(300, 400)": 0.3392857142857143}, "subj07_results": {"(0, 100)": 0.2542372881355932, "(100, 200)": 0.4745762711864407, "(200, 300)": 0.4576271186440678, "(300, 400)": 0.3389830508474576}, "subj11_results": {"(0, 100)": 0.2727272727272727, "(100, 200)": 0.41818181818181815, "(200, 300)": 0.32727272727272727, "(300, 400)": 0.38181818181818183}, "subj17_results": {"(0, 100)": 0.3392857142857143, "(100, 200)": 0.42857142857142855, "(200, 300)": 0.35714285714285715, "(300, 400)": 0.35714285714285715}, "subj19_results": {"(0, 100)": 0.3076923076923077, "(100, 200)": 0.2153846153846154, "(200, 300)": 0.36923076923076925, "(300, 400)": 0.23076923076923078}, "subj06_results": {"(0, 100)": 0.22413793103448276, "(100, 200)": 0.39655172413793105, "(200, 300)": 0.43103448275862066, "(300, 400)": 0.3448275862068966}, "subj10_results": {"(0, 100)": 0.2962962962962963, "(100, 200)": 0.5185185185185185, "(200, 300)": 0.3888888888888889, "(300, 400)": 0.3888888888888889}, "subj16_results": {"(0, 100)": 0.34615384615384615, "(100, 200)": 0.28846153846153844, "(200, 300)": 0.3076923076923077, "(300, 400)": 0.36538461538461536}, "subj09_results": {"(0, 100)": 0.29310344827586204, "(100, 200)": 0.6896551724137931, "(200, 300)": 0.3620689655172414, "(300, 400)": 0.3620689655172414}, "subj12_results": {"(0, 100)": 0.3050847457627119, "(100, 200)": 0.3898305084745763, "(200, 300)": 0.4067796610169492, "(300, 400)": 0.3050847457627119}, "subj04_results": {"(0, 100)": 0.3333333333333333, "(100, 200)": 0.42105263157894735, "(200, 300)": 0.3684210526315789, "(300, 400)": 0.40350877192982454}, "subj03_results": {"(0, 100)": 0.3333333333333333, "(100, 200)": 0.5333333333333333, "(200, 300)": 0.43333333333333335, "(300, 400)": 0.4}, "subj05_results": {"(0, 100)": 0.29310344827586204, "(100, 200)": 0.3275862068965517, "(200, 300)": 0.3275862068965517, "(300, 400)": 0.43103448275862066}, "subj13_results": {"(0, 100)": 0.30357142857142855, "(100, 200)": 0.48214285714285715, "(200, 300)": 0.44642857142857145, "(300, 400)": 0.2857142857142857}, "subj15_results": {"(0, 100)": 0.30357142857142855, "(100, 200)": 0.4107142857142857, "(200, 300)": 0.3392857142857143, "(300, 400)": 0.3392857142857143}, "avg_all": {"(0, 100)": 0.31836876873139386, "(100, 200)": 0.444776857826133, "(200, 300)": 0.39897330917265267, "(300, 400)": 0.35240349237669877}}