{"subj20_results": {"(300, 325)": 0.3333333333333333, "(325, 350)": 0.38596491228070173, "(350, 375)": 0.40350877192982454, "(375, 400)": 0.38596491228070173, "(400, 425)": 0.22807017543859648, "(425, 450)": 0.21052631578947367, "(450, 475)": 0.42105263157894735, "(475, 500)": 0.3157894736842105, "(500, 525)": 0.2631578947368421, "(525, 550)": 0.3684210526315789, "(550, 575)": 0.40350877192982454, "(575, 600)": 0.3684210526315789, "(600, 625)": 0.2982456140350877, "(625, 650)": 0.2807017543859649, "(650, 675)": 0.3157894736842105, "(675, 700)": 0.3508771929824561}, "subj14_results": {"(300, 325)": 0.3387096774193548, "(325, 350)": 0.3387096774193548, "(350, 375)": 0.3870967741935484, "(375, 400)": 0.3225806451612903, "(400, 425)": 0.27419354838709675, "(425, 450)": 0.46774193548387094, "(450, 475)": 0.3870967741935484, "(475, 500)": 0.27419354838709675, "(500, 525)": 0.3387096774193548, "(525, 550)": 0.24193548387096775, "(550, 575)": 0.3548387096774194, "(575, 600)": 0.3709677419354839, "(600, 625)": 0.3548387096774194, "(625, 650)": 0.3387096774193548, "(650, 675)": 0.3064516129032258, "(675, 700)": 0.3225806451612903}, "subj08_results": {"(300, 325)": 0.423728813559322, "(325, 350)": 0.288135593220339, "(350, 375)": 0.3559322033898305, "(375, 400)": 0.3389830508474576, "(400, 425)": 0.3389830508474576, "(425, 450)": 0.3559322033898305, "(450, 475)": 0.3728813559322034, "(475, 500)": 0.3050847457627119, "(500, 525)": 0.3559322033898305, "(525, 550)": 0.3559322033898305, "(550, 575)": 0.423728813559322, "(575, 600)": 0.423728813559322, "(600, 625)": 0.3559322033898305, "(625, 650)": 0.4576271186440678, "(650, 675)": 0.3898305084745763, "(675, 700)": 0.4406779661016949}, "subj02_results": {"(300, 325)": 0.34545454545454546, "(325, 350)": 0.2909090909090909, "(350, 375)": 0.32727272727272727, "(375, 400)": 0.2909090909090909, "(400, 425)": 0.23636363636363636, "(425, 450)": 0.3090909090909091, "(450, 475)": 0.38181818181818183, "(475, 500)": 0.36363636363636365, "(500, 525)": 0.3090909090909091, "(525, 550)": 0.38181818181818183, "(550, 575)": 0.2545454545454545, "(575, 600)": 0.32727272727272727, "(600, 625)": 0.38181818181818183, "(625, 650)": 0.32727272727272727, "(650, 675)": 0.41818181818181815, "(675, 700)": 0.45454545454545453}, "subj01_results": {"(300, 325)": 0.375, "(325, 350)": 0.42857142857142855, "(350, 375)": 0.35714285714285715, "(375, 400)": 0.375, "(400, 425)": 0.32142857142857145, "(425, 450)": 0.3392857142857143, "(450, 475)": 0.32142857142857145, "(475, 500)": 0.3392857142857143, "(500, 525)": 0.30357142857142855, "(525, 550)": 0.2857142857142857, "(550, 575)": 0.21428571428571427, "(575, 600)": 0.26785714285714285, "(600, 625)": 0.2857142857142857, "(625, 650)": 0.375, "(650, 675)": 0.2857142857142857, "(675, 700)": 0.39285714285714285}, "subj07_results": {"(300, 325)": 0.3050847457627119, "(325, 350)": 0.3389830508474576, "(350, 375)": 0.2542372881355932, "(375, 400)": 0.3728813559322034, "(400, 425)": 0.2542372881355932, "(425, 450)": 0.288135593220339, "(450, 475)": 0.2542372881355932, "(475, 500)": 0.288135593220339, "(500, 525)": 0.2542372881355932, "(525, 550)": 0.3728813559322034, "(550, 575)": 0.3728813559322034, "(575, 600)": 0.423728813559322, "(600, 625)": 0.2542372881355932, "(625, 650)": 0.3728813559322034, "(650, 675)": 0.3898305084745763, "(675, 700)": 0.3050847457627119}, "subj11_results": {"(300, 325)": 0.2909090909090909, "(325, 350)": 0.2727272727272727, "(350, 375)": 0.38181818181818183, "(375, 400)": 0.45454545454545453, "(400, 425)": 0.34545454545454546, "(425, 450)": 0.36363636363636365, "(450, 475)": 0.38181818181818183, "(475, 500)": 0.36363636363636365, "(500, 525)": 0.4, "(525, 550)": 0.3090909090909091, "(550, 575)": 0.2909090909090909, "(575, 600)": 0.3090909090909091, "(600, 625)": 0.2727272727272727, "(625, 650)": 0.2545454545454545, "(650, 675)": 0.3090909090909091, "(675, 700)": 0.36363636363636365}, "subj17_results": {"(300, 325)": 0.25, "(325, 350)": 0.39285714285714285, "(350, 375)": 0.3392857142857143, "(375, 400)": 0.375, "(400, 425)": 0.4642857142857143, "(425, 450)": 0.23214285714285715, "(450, 475)": 0.26785714285714285, "(475, 500)": 0.32142857142857145, "(500, 525)": 0.32142857142857145, "(525, 550)": 0.35714285714285715, "(550, 575)": 0.23214285714285715, "(575, 600)": 0.2857142857142857, "(600, 625)": 0.19642857142857142, "(625, 650)": 0.21428571428571427, "(650, 675)": 0.26785714285714285, "(675, 700)": 0.30357142857142855}, "subj19_results": {"(300, 325)": 0.38461538461538464, "(325, 350)": 0.27692307692307694, "(350, 375)": 0.3384615384615385, "(375, 400)": 0.2923076923076923, "(400, 425)": 0.3076923076923077, "(425, 450)": 0.3384615384615385, "(450, 475)": 0.3230769230769231, "(475, 500)": 0.38461538461538464, "(500, 525)": 0.3230769230769231, "(525, 550)": 0.35384615384615387, "(550, 575)": 0.3230769230769231, "(575, 600)": 0.35384615384615387, "(600, 625)": 0.3384615384615385, "(625, 650)": 0.2923076923076923, "(650, 675)": 0.26153846153846155, "(675, 700)": 0.3384615384615385}, "subj06_results": {"(300, 325)": 0.25862068965517243, "(325, 350)": 0.3793103448275862, "(350, 375)": 0.2413793103448276, "(375, 400)": 0.43103448275862066, "(400, 425)": 0.41379310344827586, "(425, 450)": 0.3275862068965517, "(450, 475)": 0.25862068965517243, "(475, 500)": 0.29310344827586204, "(500, 525)": 0.27586206896551724, "(525, 550)": 0.3275862068965517, "(550, 575)": 0.3275862068965517, "(575, 600)": 0.3620689655172414, "(600, 625)": 0.3448275862068966, "(625, 650)": 0.4482758620689655, "(650, 675)": 0.3275862068965517, "(675, 700)": 0.2413793103448276}, "subj10_results": {"(300, 325)": 0.4444444444444444, "(325, 350)": 0.35185185185185186, "(350, 375)": 0.4444444444444444, "(375, 400)": 0.37037037037037035, "(400, 425)": 0.2962962962962963, "(425, 450)": 0.37037037037037035, "(450, 475)": 0.3888888888888889, "(475, 500)": 0.35185185185185186, "(500, 525)": 0.3333333333333333, "(525, 550)": 0.3888888888888889, "(550, 575)": 0.5185185185185185, "(575, 600)": 0.48148148148148145, "(600, 625)": 0.3333333333333333, "(625, 650)": 0.35185185185185186, "(650, 675)": 0.42592592592592593, "(675, 700)": 0.3148148148148148}, "subj16_results": {"(300, 325)": 0.2692307692307692, "(325, 350)": 0.34615384615384615, "(350, 375)": 0.40384615384615385, "(375, 400)": 0.38461538461538464, "(400, 425)": 0.38461538461538464, "(425, 450)": 0.38461538461538464, "(450, 475)": 0.34615384615384615, "(475, 500)": 0.25, "(500, 525)": 0.3076923076923077, "(525, 550)": 0.28846153846153844, "(550, 575)": 0.3269230769230769, "(575, 600)": 0.34615384615384615, "(600, 625)": 0.3269230769230769, "(625, 650)": 0.34615384615384615, "(650, 675)": 0.34615384615384615, "(675, 700)": 0.34615384615384615}, "subj09_results": {"(300, 325)": 0.43103448275862066, "(325, 350)": 0.39655172413793105, "(350, 375)": 0.3793103448275862, "(375, 400)": 0.3448275862068966, "(400, 425)": 0.20689655172413793, "(425, 450)": 0.39655172413793105, "(450, 475)": 0.29310344827586204, "(475, 500)": 0.22413793103448276, "(500, 525)": 0.3103448275862069, "(525, 550)": 0.3103448275862069, "(550, 575)": 0.3793103448275862, "(575, 600)": 0.4482758620689655, "(600, 625)": 0.43103448275862066, "(625, 650)": 0.41379310344827586, "(650, 675)": 0.3275862068965517, "(675, 700)": 0.41379310344827586}, "subj12_results": {"(300, 325)": 0.3389830508474576, "(325, 350)": 0.23728813559322035, "(350, 375)": 0.3728813559322034, "(375, 400)": 0.3728813559322034, "(400, 425)": 0.288135593220339, "(425, 450)": 0.288135593220339, "(450, 475)": 0.3559322033898305, "(475, 500)": 0.3220338983050847, "(500, 525)": 0.2711864406779661, "(525, 550)": 0.3389830508474576, "(550, 575)": 0.23728813559322035, "(575, 600)": 0.3050847457627119, "(600, 625)": 0.3220338983050847, "(625, 650)": 0.3220338983050847, "(650, 675)": 0.3050847457627119, "(675, 700)": 0.4067796610169492}, "subj04_results": {"(300, 325)": 0.42105263157894735, "(325, 350)": 0.3333333333333333,