{"subj01_results": {"(0, 80)": 0.29411764705882354, "(40, 120)": 0.37254901960784315, "(80, 160)": 0.39215686274509803, "(120, 200)": 0.49019607843137253, "(160, 240)": 0.49019607843137253, "(200, 280)": 0.37254901960784315, "(240, 320)": 0.3333333333333333, "(280, 360)": 0.3137254901960784, "(320, 400)": 0.43137254901960786}, "avg_all": {"(0, 80)": 0.29411764705882354, "(40, 120)": 0.37254901960784315, "(80, 160)": 0.39215686274509803, "(120, 200)": 0.49019607843137253, "(160, 240)": 0.49019607843137253, "(200, 280)": 0.37254901960784315, "(240, 320)": 0.3333333333333333, "(280, 360)": 0.3137254901960784, "(320, 400)": 0.43137254901960786}}