{"subj20_results": {"(0, 100)": 0.40350877192982454, "(50, 150)": 0.49122807017543857, "(100, 200)": 0.6140350877192983, "(150, 250)": 0.6842105263157895, "(200, 300)": 0.5789473684210527, "(250, 350)": 0.3684210526315789, "(300, 400)": 0.45614035087719296, "(350, 450)": 0.3333333333333333, "(400, 500)": 0.3333333333333333, "(450, 550)": 0.42105263157894735, "(500, 600)": 0.43859649122807015, "(550, 650)": 0.42105263157894735, "(600, 700)": 0.2807017543859649}, "subj14_results": {"(0, 100)": 0.27419354838709675, "(50, 150)": 0.3225806451612903, "(100, 200)": 0.45161290322580644, "(150, 250)": 0.532258064516129, "(200, 300)": 0.5161290322580645, "(250, 350)": 0.3870967741935484, "(300, 400)": 0.3709677419354839, "(350, 450)": 0.3548387096774194, "(400, 500)": 0.25806451612903225, "(450, 550)": 0.27419354838709675, "(500, 600)": 0.3548387096774194, "(550, 650)": 0.3709677419354839, "(600, 700)": 0.2903225806451613}, "subj08_results": {"(0, 100)": 0.3559322033898305, "(50, 150)": 0.3898305084745763, "(100, 200)": 0.4915254237288136, "(150, 250)": 0.5254237288135594, "(200, 300)": 0.4067796610169492, "(250, 350)": 0.3728813559322034, "(300, 400)": 0.3220338983050847, "(350, 450)": 0.4067796610169492, "(400, 500)": 0.3559322033898305, "(450, 550)": 0.288135593220339, "(500, 600)": 0.423728813559322, "(550, 650)": 0.4067796610169492, "(600, 700)": 0.4745762711864407}, "subj02_results": {"(0, 100)": 0.34545454545454546, "(50, 150)": 0.21818181818181817, "(100, 200)": 0.34545454545454546, "(150, 250)": 0.3090909090909091, "(200, 300)": 0.32727272727272727, "(250, 350)": 0.23636363636363636, "(300, 400)": 0.2727272727272727, "(350, 450)": 0.32727272727272727, "(400, 500)": 0.41818181818181815, "(450, 550)": 0.38181818181818183, "(500, 600)": 0.3090909090909091, "(550, 650)": 0.32727272727272727, "(600, 700)": 0.43636363636363634}, "subj01_results": {"(0, 100)": 0.4642857142857143, "(50, 150)": 0.48214285714285715, "(100, 200)": 0.5535714285714286, "(150, 250)": 0.6071428571428571, "(200, 300)": 0.42857142857142855, "(250, 350)": 0.39285714285714285, "(300, 400)": 0.3392857142857143, "(350, 450)": 0.4642857142857143, "(400, 500)": 0.44642857142857145, "(450, 550)": 0.39285714285714285, "(500, 600)": 0.23214285714285715, "(550, 650)": 0.30357142857142855, "(600, 700)": 0.23214285714285715}, "subj07_results": {"(0, 100)": 0.2542372881355932, "(50, 150)": 0.3559322033898305, "(100, 200)": 0.4745762711864407, "(150, 250)": 0.423728813559322, "(200, 300)": 0.4576271186440678, "(250, 350)": 0.3389830508474576, "(300, 400)": 0.3389830508474576, "(350, 450)": 0.2542372881355932, "(400, 500)": 0.3559322033898305, "(450, 550)": 0.3050847457627119, "(500, 600)": 0.3389830508474576, "(550, 650)": 0.3898305084745763, "(600, 700)": 0.3389830508474576}, "subj11_results": {"(0, 100)": 0.2727272727272727, "(50, 150)": 0.23636363636363636, "(100, 200)": 0.41818181818181815, "(150, 250)": 0.5272727272727272, "(200, 300)": 0.32727272727272727, "(250, 350)": 0.23636363636363636, "(300, 400)": 0.38181818181818183, "(350, 450)": 0.38181818181818183, "(400, 500)": 0.4909090909090909, "(450, 550)": 0.43636363636363634, "(500, 600)": 0.43636363636363634, "(550, 650)": 0.32727272727272727, "(600, 700)": 0.36363636363636365}, "subj17_results": {"(0, 100)": 0.3392857142857143, "(50, 150)": 0.5, "(100, 200)": 0.42857142857142855, "(150, 250)": 0.5, "(200, 300)": 0.35714285714285715, "(250, 350)": 0.39285714285714285, "(300, 400)": 0.35714285714285715, "(350, 450)": 0.32142857142857145, "(400, 500)": 0.30357142857142855, "(450, 550)": 0.19642857142857142, "(500, 600)": 0.25, "(550, 650)": 0.19642857142857142, "(600, 700)": 0.10714285714285714}, "subj19_results": {"(0, 100)": 0.3076923076923077, "(50, 150)": 0.23076923076923078, "(100, 200)": 0.2153846153846154, "(150, 250)": 0.4307692307692308, "(200, 300)": 0.36923076923076925, "(250, 350)": 0.4, "(300, 400)": 0.23076923076923078, "(350, 450)": 0.27692307692307694, "(400, 500)": 0.24615384615384617, "(450, 550)": 0.3230769230769231, "(500, 600)": 0.3384615384615385, "(550, 650)": 0.4307692307692308, "(600, 700)": 0.3230769230769231}, "subj06_results": {"(0, 100)": 0.22413793103448276, "(50, 150)": 0.27586206896551724, "(100, 200)": 0.39655172413793105, "(150, 250)": 0.46551724137931033, "(200, 300)": 0.43103448275862066, "(250, 350)": 0.39655172413793105, "(300, 400)": 0.3448275862068966, "(350, 450)": 0.3620689655172414, "(400, 500)": 0.3275862068965517, "(450, 550)": 0.3275862068965517, "(500, 600)": 0.3793103448275862, "(550, 650)": 0.3103448275862069, "(600, 700)": 0.27586206896551724}, "subj10_results": {"(0, 100)": 0.2962962962962963, "(50, 150)": 0.48148148148148145, "(100, 200)": 0.5185185185185185, "(150, 250)": 0.46296296296296297, "(200, 300)": 0.3888888888888889, "(250, 350)": 0.3888888888888889, "(300, 400)": 0.3888888888888889, "(350, 450)": 0.37037037037037035, "(400, 500)": 0.4074074074074074, "(450, 550)": 0.35185185185185186, "(500, 600)": 0.4074074074074074, "(550, 650)": 0.37037037037037035, "(600, 700)": 0.4074074074074074}, "subj16_results": {"(0, 100)": 0.34615384615384615, "(50, 150)": 0.34615384615384615, "(100, 200)": 0.28846153846153844, "(150, 250)": 0.3269230769230769, "(200, 300)": 0.3076923076923077, "(250, 350)": 0.3269230769230769, "(300, 400)": 0.36538461538461536, "(350, 450)": 0.2692307692307692, "(400, 500)": 0.34615384615384615, "(450, 550)": 0.3076923076923077, "(500, 600)": 0.28846153846153844, "(550, 650)": 0.2692307692307692, "(600, 700)": 0.3076923076923077}, "subj09_results": {"(0, 100)": 0.29310344827586204, "(50, 150)": 0.3275862068965517, "(100, 200)": 0.6896551724137931, "(150, 250)": 0.603448275862069, "(200, 300)": 0.3620689655172414, "(250, 350)": 0.41379310344827586, "(300, 400)": 0.3620689655172414, "(350, 450)": 0.39655172413793105, "(400, 500)": 0.3620689655172414, "(450, 550)": 0.29310344827586204, "(500, 600)": 0.3448275862068966, "(550, 650)": 0.4482758620689655, "(600, 700)": 0.43103448275862066}, "subj12_results": {"(0, 100)": 0.3050847457627119, "(50, 150)": 0.4915254237288136, "(100, 200)": 0.3898305084745763, "(150, 250)": 0.2542372881355932, "(200, 300)": 0.4067796610169492, "(250, 350)": 0.3050847457627119, "(300, 400)": 0.3050847457627119, "(350, 450)": 0.2711864406779661, "(400, 500)": 0.2542372881355932, "(450, 550)": 0.3559322033898305, "(500, 600)": 0.3050847457627119, "(550, 650)": 0.3050847457627119, "(600, 700)": 0.3220338983050847}, "subj04_results": {"(0, 100)": 0.3333333333333333, "(50, 150)": 0.38596491228070173, "(100, 200)": 0.42105263157894735, "(150, 250)": 0.3157894736842105, "(200, 300)": 0.3684210526315789, "(250, 350)": 0.47368421052631576, "(300, 400)": 0.40350877192982454, "(350, 450)": 0.2807017543859649, "(400, 500)": 0.2982456140350877, "(450, 550)": 0.2807017543859649, "(500, 600)": 0.3333333333333333, "(550, 650)": 0.24561403508771928, "(600, 700)": 0.40350877192982454}, "subj03_results": {"(0, 100)": 0.3333333333333333, "(50, 150)": 0.4, "(100, 200)": 0.5333333333333333, "(150, 250)": 0.55, "(200, 300)": 0.43333333333333335, "(250, 350)": 0.36666666666666664, "(300, 400)": 0.4, "(350, 450)": 0.38333333333333336, "(400, 500)": 0.31666666666666665, "(450, 550)": 0.31666666666666665, "(500, 600)": 0.36666666666666664, "(550, 650)": 0.36666666666666664, "(600, 700)": 0.38333333333333336}, "subj05_results": {"(0, 100)": 0.29310344827586204, "(50, 150)": 0.29310344827586204, "(100, 200)": 0.3275862068965517, "(150, 250)": 0.3275862068965517, "(200, 300)": 0.3275862068965517, "(250, 350)": 0.41379310344827586, "(300, 400)": 0.43103448275862066, "(350, 450)": 0.3448275862068966, "(400, 500)": 0.46551724137931033, "(450, 550)": 0.3793103448275862, "(500, 600)": 0.39655172413793105, "(550, 650)": 0.43103448275862066, "(600, 700)": 0.41379310344827586}, "subj13_results": {"(0, 100)": 0.30357142857142855, "(50, 150)": 0.4107142857142857, "(100, 200)": 0.48214285714285715, "(150, 250)": 0.6071428571428571, "(200, 300)": 0.44642857142857145,