{"subj20_results": {"(300, 340)": 0.38596491228070173, "(320, 360)": 0.5263157894736842, "(340, 380)": 0.40350877192982454, "(360, 400)": 0.3508771929824561, "(380, 420)": 0.3157894736842105, "(400, 440)": 0.2631578947368421, "(420, 460)": 0.3157894736842105, "(440, 480)": 0.3508771929824561, "(460, 500)": 0.3157894736842105, "(480, 520)": 0.3157894736842105, "(500, 540)": 0.3508771929824561, "(520, 560)": 0.3684210526315789, "(540, 580)": 0.49122807017543857, "(560, 600)": 0.3684210526315789, "(580, 620)": 0.38596491228070173, "(600, 640)": 0.2807017543859649, "(620, 660)": 0.24561403508771928, "(640, 680)": 0.3333333333333333, "(660, 700)": 0.3508771929824561}, "subj14_results": {"(300, 340)": 0.3387096774193548, "(320, 360)": 0.3870967741935484, "(340, 380)": 0.3387096774193548, "(360, 400)": 0.3709677419354839, "(380, 420)": 0.3225806451612903, "(400, 440)": 0.3709677419354839, "(420, 460)": 0.4032258064516129, "(440, 480)": 0.3225806451612903, "(460, 500)": 0.3387096774193548, "(480, 520)": 0.22580645161290322, "(500, 540)": 0.1935483870967742, "(520, 560)": 0.24193548387096775, "(540, 580)": 0.3709677419354839, "(560, 600)": 0.3870967741935484, "(580, 620)": 0.3548387096774194, "(600, 640)": 0.3225806451612903, "(620, 660)": 0.3709677419354839, "(640, 680)": 0.3064516129032258, "(660, 700)": 0.3709677419354839}, "subj08_results": {"(300, 340)": 0.3728813559322034, "(320, 360)": 0.288135593220339, "(340, 380)": 0.4067796610169492, "(360, 400)": 0.3389830508474576, "(380, 420)": 0.3898305084745763, "(400, 440)": 0.3559322033898305, "(420, 460)": 0.3220338983050847, "(440, 480)": 0.3389830508474576, "(460, 500)": 0.2542372881355932, "(480, 520)": 0.3559322033898305, "(500, 540)": 0.3050847457627119, "(520, 560)": 0.3898305084745763, "(540, 580)": 0.423728813559322, "(560, 600)": 0.423728813559322, "(580, 620)": 0.3898305084745763, "(600, 640)": 0.3898305084745763, "(620, 660)": 0.3728813559322034, "(640, 680)": 0.4406779661016949, "(660, 700)": 0.4915254237288136}, "subj02_results": {"(300, 340)": 0.2545454545454545, "(320, 360)": 0.32727272727272727, "(340, 380)": 0.4, "(360, 400)": 0.32727272727272727, "(380, 420)": 0.18181818181818182, "(400, 440)": 0.2727272727272727, "(420, 460)": 0.38181818181818183, "(440, 480)": 0.38181818181818183, "(460, 500)": 0.41818181818181815, "(480, 520)": 0.4, "(500, 540)": 0.34545454545454546, "(520, 560)": 0.23636363636363636, "(540, 580)": 0.23636363636363636, "(560, 600)": 0.34545454545454546, "(580, 620)": 0.36363636363636365, "(600, 640)": 0.4, "(620, 660)": 0.36363636363636365, "(640, 680)": 0.43636363636363634, "(660, 700)": 0.43636363636363634}, "subj01_results": {"(300, 340)": 0.39285714285714285, "(320, 360)": 0.39285714285714285, "(340, 380)": 0.32142857142857145, "(360, 400)": 0.4107142857142857, "(380, 420)": 0.35714285714285715, "(400, 440)": 0.3392857142857143, "(420, 460)": 0.375, "(440, 480)": 0.30357142857142855, "(460, 500)": 0.375, "(480, 520)": 0.48214285714285715, "(500, 540)": 0.21428571428571427, "(520, 560)": 0.30357142857142855, "(540, 580)": 0.26785714285714285, "(560, 600)": 0.30357142857142855, "(580, 620)": 0.32142857142857145, "(600, 640)": 0.3392857142857143, "(620, 660)": 0.2857142857142857, "(640, 680)": 0.19642857142857142, "(660, 700)": 0.32142857142857145}, "subj07_results": {"(300, 340)": 0.3559322033898305, "(320, 360)": 0.3898305084745763, "(340, 380)": 0.3050847457627119, "(360, 400)": 0.423728813559322, "(380, 420)": 0.288135593220339, "(400, 440)": 0.288135593220339, "(420, 460)": 0.23728813559322035, "(440, 480)": 0.3220338983050847, "(460, 500)": 0.2711864406779661, "(480, 520)": 0.3389830508474576, "(500, 540)": 0.3220338983050847, "(520, 560)": 0.3559322033898305, "(540, 580)": 0.3559322033898305, "(560, 600)": 0.3050847457627119, "(580, 620)": 0.3220338983050847, "(600, 640)": 0.3898305084745763, "(620, 660)": 0.4576271186440678, "(640, 680)": 0.3898305084745763, "(660, 700)": 0.3389830508474576}, "subj11_results": {"(300, 340)": 0.23636363636363636, "(320, 360)": 0.2545454545454545, "(340, 380)": 0.36363636363636365, "(360, 400)": 0.38181818181818183, "(380, 420)": 0.43636363636363634, "(400, 440)": 0.34545454545454546, "(420, 460)": 0.38181818181818183, "(440, 480)": 0.43636363636363634, "(460, 500)": 0.38181818181818183, "(480, 520)": 0.4, "(500, 540)": 0.38181818181818183, "(520, 560)": 0.36363636363636365, "(540, 580)": 0.36363636363636365, "(560, 600)": 0.2909090909090909, "(580, 620)": 0.43636363636363634, "(600, 640)": 0.32727272727272727, "(620, 660)": 0.2909090909090909, "(640, 680)": 0.18181818181818182, "(660, 700)": 0.34545454545454546}, "subj17_results": {"(300, 340)": 0.35714285714285715, "(320, 360)": 0.39285714285714285, "(340, 380)": 0.35714285714285715, "(360, 400)": 0.44642857142857145, "(380, 420)": 0.42857142857142855, "(400, 440)": 0.30357142857142855, "(420, 460)": 0.26785714285714285, "(440, 480)": 0.23214285714285715, "(460, 500)": 0.26785714285714285, "(480, 520)": 0.2857142857142857, "(500, 540)": 0.35714285714285715, "(520, 560)": 0.30357142857142855, "(540, 580)": 0.30357142857142855, "(560, 600)": 0.2857142857142857, "(580, 620)": 0.21428571428571427, "(600, 640)": 0.17857142857142858, "(620, 660)": 0.26785714285714285, "(640, 680)": 0.23214285714285715, "(660, 700)": 0.23214285714285715}, "subj19_results": {"(300, 340)": 0.38461538461538464, "(320, 360)": 0.3384615384615385, "(340, 380)": 0.3230769230769231, "(360, 400)": 0.3076923076923077, "(380, 420)": 0.24615384615384617, "(400, 440)": 0.27692307692307694, "(420, 460)": 0.3384615384615385, "(440, 480)": 0.35384615384615387, "(460, 500)": 0.36923076923076925, "(480, 520)": 0.36923076923076925, "(500, 540)": 0.3384615384615385, "(520, 560)": 0.35384615384615387, "(540, 580)": 0.27692307692307694, "(560, 600)": 0.38461538461538464, "(580, 620)": 0.3230769230769231, "(600, 640)": 0.35384615384615387, "(620, 660)": 0.3230769230769231, "(640, 680)": 0.2923076923076923, "(660, 700)": 0.3076923076923077}, "subj06_results": {"(300, 340)": 0.29310344827586204, "(320, 360)": 0.29310344827586204, "(340, 380)": 0.29310344827586204, "(360, 400)": 0.3448275862068966, "(380, 420)": 0.43103448275862066, "(400, 440)": 0.4482758620689655, "(420, 460)": 0.25862068965517243, "(440, 480)": 0.20689655172413793, "(460, 500)": 0.3275862068965517, "(480, 520)": 0.3275862068965517, "(500, 540)": 0.39655172413793105, "(520, 560)": 0.3275862068965517, "(540, 580)": 0.3103448275862069, "(560, 600)": 0.3448275862068966, "(580, 620)": 0.2413793103448276, "(600, 640)": 0.3103448275862069, "(620, 660)": 0.3103448275862069, "(640, 680)": 0.29310344827586204, "(660, 700)": 0.2413793103448276}, "subj10_results": {"(300, 340)": 0.4074074074074074, "(320, 360)": 0.3333333333333333, "(340, 380)": 0.3333333333333333, "(360, 400)": 0.42592592592592593, "(380, 420)": 0.3333333333333333, "(400, 440)": 0.35185185185185186, "(420, 460)": 0.4074074074074074, "(440, 480)": 0.3333333333333333, "(460, 500)": 0.37037037037037035, "(480, 520)": 0.3333333333333333, "(500, 540)": 0.3148148148148148, "(520, 560)": 0.3333333333333333, "(540, 580)": 0.5, "(560, 600)": 0.42592592592592593, "(580, 620)": 0.46296296296296297, "(600, 640)": 0.3333333333333333, "(620, 660)": 0.3333333333333333, "(640, 680)": 0.48148148148148145, "(660, 700)": 0.37037037037037035}, "subj16_results": {"(300, 340)": 0.3076923076923077, "(320, 360)": 0.25, "(340, 380)": 0.38461538461538464, "(360, 400)": 0.38461538461538464, "(380, 420)": 0.34615384615384615, "(400, 440)": 0.2692307692307692, "(420, 460)": 0.3269230769230769, "(440, 480)": 0.4230769230769231, "(460, 500)": 0.3076923076923077, "(480, 520)": 0.19230769230769232, "(500, 540)": 0.21153846153846154, "(520, 560)": 0.2692307692307692, "(540, 580)": 0.34615384615384615, "(560, 600)": 0.3076923076923077, "(580, 620)": 0.28846153846153844, "(600, 640)": 0.2692307692307692, "(620, 660)": 0.34615384615384615, "(640, 680)": 0.3269230769230769, "(660, 700)": 0.4230769230769231},