{"subj20_results": {"(0, 100)": 0.40350877192982454, "(25, 125)": 0.43859649122807015, "(50, 150)": 0.49122807017543857, "(75, 175)": 0.631578947368421, "(100, 200)": 0.6140350877192983, "(125, 225)": 0.6666666666666666, "(150, 250)": 0.6842105263157895, "(175, 275)": 0.5789473684210527, "(200, 300)": 0.5789473684210527, "(225, 325)": 0.543859649122807, "(250, 350)": 0.3684210526315789, "(275, 375)": 0.49122807017543857, "(300, 400)": 0.45614035087719296, "(325, 425)": 0.40350877192982454, "(350, 450)": 0.3333333333333333, "(375, 475)": 0.38596491228070173, "(400, 500)": 0.3333333333333333, "(425, 525)": 0.3157894736842105, "(450, 550)": 0.42105263157894735, "(475, 575)": 0.45614035087719296, "(500, 600)": 0.43859649122807015, "(525, 625)": 0.42105263157894735, "(550, 650)": 0.42105263157894735, "(575, 675)": 0.45614035087719296, "(600, 700)": 0.2807017543859649}, "subj14_results": {"(0, 100)": 0.27419354838709675, "(25, 125)": 0.3225806451612903, "(50, 150)": 0.3225806451612903, "(75, 175)": 0.45161290322580644, "(100, 200)": 0.45161290322580644, "(125, 225)": 0.5967741935483871, "(150, 250)": 0.532258064516129, "(175, 275)": 0.5161290322580645, "(200, 300)": 0.5161290322580645, "(225, 325)": 0.4032258064516129, "(250, 350)": 0.3870967741935484, "(275, 375)": 0.3548387096774194, "(300, 400)": 0.3709677419354839, "(325, 425)": 0.3387096774193548, "(350, 450)": 0.3548387096774194, "(375, 475)": 0.3387096774193548, "(400, 500)": 0.25806451612903225, "(425, 525)": 0.3225806451612903, "(450, 550)": 0.27419354838709675, "(475, 575)": 0.27419354838709675, "(500, 600)": 0.3548387096774194, "(525, 625)": 0.3870967741935484, "(550, 650)": 0.3709677419354839, "(575, 675)": 0.3225806451612903, "(600, 700)": 0.2903225806451613}, "subj08_results": {"(0, 100)": 0.3559322033898305, "(25, 125)": 0.288135593220339, "(50, 150)": 0.3898305084745763, "(75, 175)": 0.423728813559322, "(100, 200)": 0.4915254237288136, "(125, 225)": 0.4745762711864407, "(150, 250)": 0.5254237288135594, "(175, 275)": 0.4406779661016949, "(200, 300)": 0.4067796610169492, "(225, 325)": 0.4067796610169492, "(250, 350)": 0.3728813559322034, "(275, 375)": 0.4067796610169492, "(300, 400)": 0.3220338983050847, "(325, 425)": 0.3559322033898305, "(350, 450)": 0.4067796610169492, "(375, 475)": 0.4067796610169492, "(400, 500)": 0.3559322033898305, "(425, 525)": 0.3559322033898305, "(450, 550)": 0.288135593220339, "(475, 575)": 0.3559322033898305, "(500, 600)": 0.423728813559322, "(525, 625)": 0.4576271186440678, "(550, 650)": 0.4067796610169492, "(575, 675)": 0.423728813559322, "(600, 700)": 0.4745762711864407}, "subj02_results": {"(0, 100)": 0.34545454545454546, "(25, 125)": 0.38181818181818183, "(50, 150)": 0.21818181818181817, "(75, 175)": 0.16363636363636364, "(100, 200)": 0.34545454545454546, "(125, 225)": 0.38181818181818183, "(150, 250)": 0.3090909090909091, "(175, 275)": 0.36363636363636365, "(200, 300)": 0.32727272727272727, "(225, 325)": 0.34545454545454546, "(250, 350)": 0.23636363636363636, "(275, 375)": 0.2909090909090909, "(300, 400)": 0.2727272727272727, "(325, 425)": 0.4, "(350, 450)": 0.32727272727272727, "(375, 475)": 0.38181818181818183, "(400, 500)": 0.41818181818181815, "(425, 525)": 0.38181818181818183, "(450, 550)": 0.38181818181818183, "(475, 575)": 0.2909090909090909, "(500, 600)": 0.3090909090909091, "(525, 625)": 0.38181818181818183, "(550, 650)": 0.32727272727272727, "(575, 675)": 0.36363636363636365, "(600, 700)": 0.43636363636363634}, "subj01_results": {"(0, 100)": 0.4642857142857143, "(25, 125)": 0.4642857142857143, "(50, 150)": 0.48214285714285715, "(75, 175)": 0.625, "(100, 200)": 0.5535714285714286, "(125, 225)": 0.5714285714285714, "(150, 250)": 0.6071428571428571, "(175, 275)": 0.4642857142857143, "(200, 300)": 0.42857142857142855, "(225, 325)": 0.3392857142857143, "(250, 350)": 0.39285714285714285, "(275, 375)": 0.375, "(300, 400)": 0.3392857142857143, "(325, 425)": 0.39285714285714285, "(350, 450)": 0.4642857142857143, "(375, 475)": 0.42857142857142855, "(400, 500)": 0.44642857142857145, "(425, 525)": 0.375, "(450, 550)": 0.39285714285714285, "(475, 575)": 0.30357142857142855, "(500, 600)": 0.23214285714285715, "(525, 625)": 0.21428571428571427, "(550, 650)": 0.30357142857142855, "(575, 675)": 0.25, "(600, 700)": 0.23214285714285715}, "subj07_results": {"(0, 100)": 0.2542372881355932, "(25, 125)": 0.288135593220339, "(50, 150)": 0.3559322033898305, "(75, 175)": 0.4745762711864407, "(100, 200)": 0.4745762711864407, "(125, 225)": 0.4576271186440678, "(150, 250)": 0.423728813559322, "(175, 275)": 0.3389830508474576, "(200, 300)": 0.4576271186440678, "(225, 325)": 0.4745762711864407, "(250, 350)": 0.3389830508474576, "(275, 375)": 0.3728813559322034, "(300, 400)": 0.3389830508474576, "(325, 425)": 0.3220338983050847, "(350, 450)": 0.2542372881355932, "(375, 475)": 0.3898305084745763, "(400, 500)": 0.3559322033898305, "(425, 525)": 0.3898305084745763, "(450, 550)": 0.3050847457627119, "(475, 575)": 0.2711864406779661, "(500, 600)": 0.3389830508474576, "(525, 625)": 0.3220338983050847, "(550, 650)": 0.3898305084745763, "(575, 675)": 0.3898305084745763, "(600, 700)": 0.3389830508474576}, "subj11_results": {"(0, 100)": 0.2727272727272727, "(25, 125)": 0.32727272727272727, "(50, 150)": 0.23636363636363636, "(75, 175)": 0.41818181818181815, "(100, 200)": 0.41818181818181815, "(125, 225)": 0.4909090909090909, "(150, 250)": 0.5272727272727272, "(175, 275)": 0.4727272727272727, "(200, 300)": 0.32727272727272727, "(225, 325)": 0.36363636363636365, "(250, 350)": 0.23636363636363636, "(275, 375)": 0.2, "(300, 400)": 0.38181818181818183, "(325, 425)": 0.4, "(350, 450)": 0.38181818181818183, "(375, 475)": 0.4, "(400, 500)": 0.4909090909090909, "(425, 525)": 0.43636363636363634, "(450, 550)": 0.43636363636363634, "(475, 575)": 0.4, "(500, 600)": 0.43636363636363634, "(525, 625)": 0.4, "(550, 650)": 0.32727272727272727, "(575, 675)": 0.36363636363636365, "(600, 700)": 0.36363636363636365}, "subj17_results": {"(0, 100)": 0.3392857142857143, "(25, 125)": 0.3392857142857143, "(50, 150)": 0.5, "(75, 175)": 0.5178571428571429, "(100, 200)": 0.42857142857142855, "(125, 225)": 0.42857142857142855, "(150, 250)": 0.5, "(175, 275)": 0.42857142857142855, "(200, 300)": 0.35714285714285715, "(225, 325)": 0.30357142857142855, "(250, 350)": 0.39285714285714285, "(275, 375)": 0.32142857142857145, "(300, 400)": 0.35714285714285715, "(325, 425)": 0.30357142857142855, "(350, 450)": 0.32142857142857145, "(375, 475)": 0.32142857142857145, "(400, 500)": 0.30357142857142855, "(425, 525)": 0.25, "(450, 550)": 0.19642857142857142, "(475, 575)": 0.21428571428571427, "(500, 600)": 0.25, "(525, 625)": 0.25, "(550, 650)": 0.19642857142857142, "(575, 675)": 0.21428571428571427, "(600, 700)": 0.10714285714285714}, "subj19_results": {"(0, 100)": 0.3076923076923077, "(25, 125)": 0.3384615384615385, "(50, 150)": 0.23076923076923078, "(75, 175)": 0.18461538461538463, "(100, 200)": 0.2153846153846154, "(125, 225)": 0.3384615384615385, "(150, 250)": 0.4307692307692308, "(175, 275)": 0.4307692307692308, "(200, 300)": 0.36923076923076925, "(225, 325)": 0.36923076923076925, "(250, 350)": 0.4, "(275, 375)": 0.35384615384615387, "(300, 400)": 0.23076923076923078, "(325, 425)": 0.24615384615384617, "(350, 450)": 0.27692307692307694, "(375, 475)": 0.24615384615384617, "(400, 500)": 0.24615384615384617, "(425, 525)": 0.3076923076923077, "(450, 550)": 0.3230769230769231, "(475, 575)": 0.3076923076923077, "(500, 600)": 0.3384615384615385, "(525, 625)": 0.4153846153846154, "(550, 650)": 0.4307692307692308, "(575, 675)": 0.35384615384615387, "(600, 700)": 0.3230769230769231}, "subj06_results": {"(0, 100)": 0.22413793103448276, "(25, 125)": 0.25862068965517243, "(50, 150)": 0.27586206896551724, "(75, 175)": 0.41379310344827586, "(100, 200)": 0.39655172413793105, "(125, 225)": 0.5517241379310345, "(150, 250)": 0.46551724137931033, "(175, 275)": 0.4482758620689655, "(200, 300)": 0.43103448275862066, "(225, 325)": 0.41379310344827586,