{"subj20_results": {"(0, 100)": 0.40350877192982454, "(100, 200)": 0.6140350877192983, "(200, 300)": 0.5789473684210527, "(300, 400)": 0.45614035087719296, "(400, 500)": 0.3333333333333333, "(500, 600)": 0.43859649122807015, "(600, 700)": 0.2807017543859649, "(700, 800)": 0.2982456140350877, "(800, 900)": 0.2807017543859649}, "subj14_results": {"(0, 100)": 0.27419354838709675, "(100, 200)": 0.45161290322580644, "(200, 300)": 0.5161290322580645, "(300, 400)": 0.3709677419354839, "(400, 500)": 0.25806451612903225, "(500, 600)": 0.3548387096774194, "(600, 700)": 0.2903225806451613, "(700, 800)": 0.3548387096774194, "(800, 900)": 0.3225806451612903}, "subj08_results": {"(0, 100)": 0.3559322033898305, "(100, 200)": 0.4915254237288136, "(200, 300)": 0.4067796610169492, "(300, 400)": 0.3220338983050847, "(400, 500)": 0.3559322033898305, "(500, 600)": 0.423728813559322, "(600, 700)": 0.4745762711864407, "(700, 800)": 0.4067796610169492, "(800, 900)": 0.3559322033898305}, "subj02_results": {"(0, 100)": 0.34545454545454546, "(100, 200)": 0.34545454545454546, "(200, 300)": 0.32727272727272727, "(300, 400)": 0.2727272727272727, "(400, 500)": 0.41818181818181815, "(500, 600)": 0.3090909090909091, "(600, 700)": 0.43636363636363634, "(700, 800)": 0.38181818181818183, "(800, 900)": 0.43636363636363634}, "subj01_results": {"(0, 100)": 0.4642857142857143, "(100, 200)": 0.5535714285714286, "(200, 300)": 0.42857142857142855, "(300, 400)": 0.3392857142857143, "(400, 500)": 0.44642857142857145, "(500, 600)": 0.23214285714285715, "(600, 700)": 0.23214285714285715, "(700, 800)": 0.4107142857142857, "(800, 900)": 0.30357142857142855}, "subj07_results": {"(0, 100)": 0.2542372881355932, "(100, 200)": 0.4745762711864407, "(200, 300)": 0.4576271186440678, "(300, 400)": 0.3389830508474576, "(400, 500)": 0.3559322033898305, "(500, 600)": 0.3389830508474576, "(600, 700)": 0.3389830508474576, "(700, 800)": 0.3389830508474576, "(800, 900)": 0.3898305084745763}, "subj11_results": {"(0, 100)": 0.2727272727272727, "(100, 200)": 0.41818181818181815, "(200, 300)": 0.32727272727272727, "(300, 400)": 0.38181818181818183, "(400, 500)": 0.4909090909090909, "(500, 600)": 0.43636363636363634, "(600, 700)": 0.36363636363636365, "(700, 800)": 0.32727272727272727, "(800, 900)": 0.2727272727272727}, "subj17_results": {"(0, 100)": 0.3392857142857143, "(100, 200)": 0.42857142857142855, "(200, 300)": 0.35714285714285715, "(300, 400)": 0.35714285714285715, "(400, 500)": 0.30357142857142855, "(500, 600)": 0.25, "(600, 700)": 0.10714285714285714, "(700, 800)": 0.32142857142857145, "(800, 900)": 0.35714285714285715}, "subj19_results": {"(0, 100)": 0.3076923076923077, "(100, 200)": 0.2153846153846154, "(200, 300)": 0.36923076923076925, "(300, 400)": 0.23076923076923078, "(400, 500)": 0.24615384615384617, "(500, 600)": 0.3384615384615385, "(600, 700)": 0.3230769230769231, "(700, 800)": 0.3076923076923077, "(800, 900)": 0.36923076923076925}, "subj06_results": {"(0, 100)": 0.22413793103448276, "(100, 200)": 0.39655172413793105, "(200, 300)": 0.43103448275862066, "(300, 400)": 0.3448275862068966, "(400, 500)": 0.3275862068965517, "(500, 600)": 0.3793103448275862, "(600, 700)": 0.27586206896551724, "(700, 800)": 0.39655172413793105, "(800, 900)": 0.3103448275862069}, "subj10_results": {"(0, 100)": 0.2962962962962963, "(100, 200)": 0.5185185185185185, "(200, 300)": 0.3888888888888889, "(300, 400)": 0.3888888888888889, "(400, 500)": 0.4074074074074074, "(500, 600)": 0.4074074074074074, "(600, 700)": 0.4074074074074074, "(700, 800)": 0.3888888888888889, "(800, 900)": 0.24074074074074073}, "subj16_results": {"(0, 100)": 0.34615384615384615, "(100, 200)": 0.28846153846153844, "(200, 300)": 0.3076923076923077, "(300, 400)": 0.36538461538461536, "(400, 500)": 0.34615384615384615, "(500, 600)": 0.28846153846153844, "(600, 700)": 0.3076923076923077, "(700, 800)": 0.36538461538461536, "(800, 900)": 0.21153846153846154}, "subj09_results": {"(0, 100)": 0.29310344827586204, "(100, 200)": 0.6896551724137931, "(200, 300)": 0.3620689655172414, "(300, 400)": 0.3620689655172414, "(400, 500)": 0.3620689655172414, "(500, 600)": 0.3448275862068966, "(600, 700)": 0.43103448275862066, "(700, 800)": 0.2413793103448276, "(800, 900)": 0.3103448275862069}, "subj12_results": {"(0, 100)": 0.3050847457627119, "(100, 200)": 0.3898305084745763, "(200, 300)": 0.4067796610169492, "(300, 400)": 0.3050847457627119, "(400, 500)": 0.2542372881355932, "(500, 600)": 0.3050847457627119, "(600, 700)": 0.3220338983050847, "(700, 800)": 0.3728813559322034, "(800, 900)": 0.2542372881355932}, "subj04_results": {"(0, 100)": 0.3333333333333333, "(100, 200)": 0.42105263157894735, "(200, 300)": 0.3684210526315789, "(300, 400)": 0.40350877192982454, "(400, 500)": 0.2982456140350877, "(500, 600)": 0.3333333333333333, "(600, 700)": 0.40350877192982454, "(700, 800)": 0.3157894736842105, "(800, 900)": 0.21052631578947367}, "subj03_results": {"(0, 100)": 0.3333333333333333, "(100, 200)": 0.5333333333333333, "(200, 300)": 0.43333333333333335, "(300, 400)": 0.4, "(400, 500)": 0.31666666666666665, "(500, 600)": 0.36666666666666664, "(600, 700)": 0.38333333333333336, "(700, 800)": 0.38333333333333336, "(800, 900)": 0.35}, "subj05_results": {"(0, 100)": 0.29310344827586204, "(100, 200)": 0.3275862068965517, "(200, 300)": 0.3275862068965517, "(300, 400)": 0.43103448275862066, "(400, 500)": 0.46551724137931033, "(500, 600)": 0.39655172413793105, "(600, 700)": 0.41379310344827586, "(700, 800)": 0.20689655172413793, "(800, 900)": 0.3620689655172414}, "subj13_results": {"(0, 100)": 0.30357142857142855, "(100, 200)": 0.48214285714285715, "(200, 300)": 0.44642857142857145, "(300, 400)": 0.2857142857142857, "(400, 500)": 0.30357142857142855, "(500, 600)": 0.3392857142857143, "(600, 700)": 0.42857142857142855, "(700, 800)": 0.30357142857142855, "(800, 900)": 0.25}, "subj15_results": {"(0, 100)": 0.30357142857142855, "(100, 200)": 0.4107142857142857, "(200, 300)": 0.3392857142857143, "(300, 400)": 0.3392857142857143, "(400, 500)": 0.35714285714285715, "(500, 600)": 0.32142857142857145, "(600, 700)": 0.35714285714285715, "(700, 800)": 0.32142857142857145, "(800, 900)": 0.44642857142857145}, "avg_all": {"(0, 100)": 0.31836876873139386, "(100, 200)": 0.444776857826133, "(200, 300)": 0.39897330917265267, "(300, 400)": 0.35240349237669877, "(400, 500)": 0.34984760702067214, "(500, 600)": 0.3476086125731351, "(600, 700)": 0.34617505020959577, "(700, 800)": 0.3391514927859545, "(800, 900)": 0.31759531967211163}}