{"subj20_results": {"(300, 320)": 0.3684210526315789, "(320, 340)": 0.43859649122807015, "(340, 360)": 0.42105263157894735, "(360, 380)": 0.3333333333333333, "(380, 400)": 0.42105263157894735, "(400, 420)": 0.22807017543859648, "(420, 440)": 0.24561403508771928, "(440, 460)": 0.3508771929824561, "(460, 480)": 0.38596491228070173, "(480, 500)": 0.38596491228070173, "(500, 520)": 0.24561403508771928, "(520, 540)": 0.47368421052631576, "(540, 560)": 0.3684210526315789, "(560, 580)": 0.3684210526315789, "(580, 600)": 0.3684210526315789, "(600, 620)": 0.3333333333333333, "(620, 640)": 0.24561403508771928, "(640, 660)": 0.2807017543859649, "(660, 680)": 0.2982456140350877, "(680, 700)": 0.3333333333333333}, "subj14_results": {"(300, 320)": 0.3387096774193548, "(320, 340)": 0.3387096774193548, "(340, 360)": 0.3064516129032258, "(360, 380)": 0.3870967741935484, "(380, 400)": 0.27419354838709675, "(400, 420)": 0.22580645161290322, "(420, 440)": 0.3387096774193548, "(440, 460)": 0.3709677419354839, "(460, 480)": 0.2903225806451613, "(480, 500)": 0.3064516129032258, "(500, 520)": 0.3548387096774194, "(520, 540)": 0.25806451612903225, "(540, 560)": 0.3225806451612903, "(560, 580)": 0.3870967741935484, "(580, 600)": 0.3709677419354839, "(600, 620)": 0.3870967741935484, "(620, 640)": 0.3387096774193548, "(640, 660)": 0.3064516129032258, "(660, 680)": 0.3709677419354839, "(680, 700)": 0.3870967741935484}, "subj08_results": {"(300, 320)": 0.4067796610169492, "(320, 340)": 0.3050847457627119, "(340, 360)": 0.3050847457627119, "(360, 380)": 0.3559322033898305, "(380, 400)": 0.3389830508474576, "(400, 420)": 0.3728813559322034, "(420, 440)": 0.3220338983050847, "(440, 460)": 0.3728813559322034, "(460, 480)": 0.288135593220339, "(480, 500)": 0.3220338983050847, "(500, 520)": 0.3050847457627119, "(520, 540)": 0.3389830508474576, "(540, 560)": 0.4406779661016949, "(560, 580)": 0.4745762711864407, "(580, 600)": 0.4406779661016949, "(600, 620)": 0.3898305084745763, "(620, 640)": 0.4067796610169492, "(640, 660)": 0.3559322033898305, "(660, 680)": 0.3389830508474576, "(680, 700)": 0.4406779661016949}, "subj02_results": {"(300, 320)": 0.36363636363636365, "(320, 340)": 0.2909090909090909, "(340, 360)": 0.38181818181818183, "(360, 380)": 0.3090909090909091, "(380, 400)": 0.2, "(400, 420)": 0.2, "(420, 440)": 0.32727272727272727, "(440, 460)": 0.34545454545454546, "(460, 480)": 0.43636363636363634, "(480, 500)": 0.2909090909090909, "(500, 520)": 0.3090909090909091, "(520, 540)": 0.23636363636363636, "(540, 560)": 0.2727272727272727, "(560, 580)": 0.4, "(580, 600)": 0.36363636363636365, "(600, 620)": 0.43636363636363634, "(620, 640)": 0.38181818181818183, "(640, 660)": 0.43636363636363634, "(660, 680)": 0.36363636363636365, "(680, 700)": 0.41818181818181815}, "subj01_results": {"(300, 320)": 0.35714285714285715, "(320, 340)": 0.42857142857142855, "(340, 360)": 0.30357142857142855, "(360, 380)": 0.4107142857142857, "(380, 400)": 0.32142857142857145, "(400, 420)": 0.35714285714285715, "(420, 440)": 0.3392857142857143, "(440, 460)": 0.44642857142857145, "(460, 480)": 0.30357142857142855, "(480, 500)": 0.30357142857142855, "(500, 520)": 0.35714285714285715, "(520, 540)": 0.2857142857142857, "(540, 560)": 0.25, "(560, 580)": 0.26785714285714285, "(580, 600)": 0.30357142857142855, "(600, 620)": 0.25, "(620, 640)": 0.3392857142857143, "(640, 660)": 0.2857142857142857, "(660, 680)": 0.30357142857142855, "(680, 700)": 0.4107142857142857}, "subj07_results": {"(300, 320)": 0.288135593220339, "(320, 340)": 0.3220338983050847, "(340, 360)": 0.3220338983050847, "(360, 380)": 0.4406779661016949, "(380, 400)": 0.3220338983050847, "(400, 420)": 0.22033898305084745, "(420, 440)": 0.288135593220339, "(440, 460)": 0.2711864406779661, "(460, 480)": 0.3050847457627119, "(480, 500)": 0.3389830508474576, "(500, 520)": 0.22033898305084745, "(520, 540)": 0.3050847457627119, "(540, 560)": 0.3898305084745763, "(560, 580)": 0.3050847457627119, "(580, 600)": 0.3898305084745763, "(600, 620)": 0.2542372881355932, "(620, 640)": 0.423728813559322, "(640, 660)": 0.3728813559322034, "(660, 680)": 0.4067796610169492, "(680, 700)": 0.3559322033898305}, "subj11_results": {"(300, 320)": 0.32727272727272727, "(320, 340)": 0.23636363636363636, "(340, 360)": 0.4, "(360, 380)": 0.34545454545454546, "(380, 400)": 0.4909090909090909, "(400, 420)": 0.38181818181818183, "(420, 440)": 0.4727272727272727, "(440, 460)": 0.4, "(460, 480)": 0.38181818181818183, "(480, 500)": 0.38181818181818183, "(500, 520)": 0.38181818181818183, "(520, 540)": 0.41818181818181815, "(540, 560)": 0.4, "(560, 580)": 0.34545454545454546, "(580, 600)": 0.34545454545454546, "(600, 620)": 0.34545454545454546, "(620, 640)": 0.3090909090909091, "(640, 660)": 0.3090909090909091, "(660, 680)": 0.2727272727272727, "(680, 700)": 0.4}, "subj17_results": {"(300, 320)": 0.26785714285714285, "(320, 340)": 0.35714285714285715, "(340, 360)": 0.3392857142857143, "(360, 380)": 0.3392857142857143, "(380, 400)": 0.32142857142857145, "(400, 420)": 0.4107142857142857, "(420, 440)": 0.17857142857142858, "(440, 460)": 0.32142857142857145, "(460, 480)": 0.30357142857142855, "(480, 500)": 0.30357142857142855, "(500, 520)": 0.39285714285714285, "(520, 540)": 0.39285714285714285, "(540, 560)": 0.30357142857142855, "(560, 580)": 0.30357142857142855, "(580, 600)": 0.25, "(600, 620)": 0.23214285714285715, "(620, 640)": 0.26785714285714285, "(640, 660)": 0.30357142857142855, "(660, 680)": 0.21428571428571427, "(680, 700)": 0.25}, "subj19_results": {"(300, 320)": 0.4153846153846154, "(320, 340)": 0.38461538461538464, "(340, 360)": 0.3076923076923077, "(360, 380)": 0.3384615384615385, "(380, 400)": 0.24615384615384617, "(400, 420)": 0.3230769230769231, "(420, 440)": 0.3384615384615385, "(440, 460)": 0.3076923076923077, "(460, 480)": 0.38461538461538464, "(480, 500)": 0.38461538461538464, "(500, 520)": 0.3384615384615385, "(520, 540)": 0.35384615384615387, "(540, 560)": 0.3230769230769231, "(560, 580)": 0.3384615384615385, "(580, 600)": 0.2923076923076923, "(600, 620)": 0.4, "(620, 640)": 0.35384615384615387, "(640, 660)": 0.35384615384615387, "(660, 680)": 0.3076923076923077, "(680, 700)": 0.3076923076923077}, "subj06_results": {"(300, 320)": 0.3103448275862069, "(320, 340)": 0.27586206896551724, "(340, 360)": 0.29310344827586204, "(360, 380)": 0.2413793103448276, "(380, 400)": 0.43103448275862066, "(400, 420)": 0.41379310344827586, "(420, 440)": 0.3448275862068966, "(440, 460)": 0.20689655172413793, "(460, 480)": 0.39655172413793105, "(480, 500)": 0.3103448275862069, "(500, 520)": 0.29310344827586204, "(520, 540)": 0.3103448275862069, "(540, 560)": 0.22413793103448276, "(560, 580)": 0.3275862068965517, "(580, 600)": 0.3448275862068966, "(600, 620)": 0.3275862068965517, "(620, 640)": 0.3448275862068966, "(640, 660)": 0.1896551724137931, "(660, 680)": 0.3103448275862069, "(680, 700)": 0.22413793103448276}, "subj10_results": {"(300, 320)": 0.4444444444444444, "(320, 340)": 0.37037037037037035, "(340, 360)": 0.3888888888888889, "(360, 380)": 0.3888888888888889, "(380, 400)": 0.37037037037037035, "(400, 420)": 0.35185185185185186, "(420, 440)": 0.3333333333333333, "(440, 460)": 0.35185185185185186, "(460, 480)": 0.35185185185185186, "(480, 500)": 0.3888888888888889, "(500, 520)": 0.25925925925925924, "(520, 540)": 0.2962962962962963, "(540, 560)": 0.5370370370370371, "(560, 580)": 0.42592592592592593, "(580, 600)": 0.4444444444444444, "(600, 620)": 0.3333333333333333, "(620, 640)": 0.3148148148148148, "(640, 660)": 0.42592592592592593, "(660, 680)": 0.46296296296296297, "(680, 700)": 0.25925925925925924}, "subj16_results": {"(300, 320)": 0.28846153846153844, "(320, 340)": 0.34615384615384615, "(340, 360)": 0.3269230769230769, "(360, 380)": 0.4423076923076923, "(380, 400)": 0.38461538461538464, "(400, 420)": 0.38461538461538464, "(420, 440)": 0.3076923076923077, "(440, 460)": 0.36538461538461536, "(460, 480)": 0.38461538461538464, "(480, 500)": 0.2692307692307692,