{"subj20_results": {"(300, 350)": 0.3508771929824561, "(325, 375)": 0.5087719298245614, "(350, 400)": 0.3333333333333333, "(375, 425)": 0.3508771929824561, "(400, 450)": 0.24561403508771928, "(425, 475)": 0.3508771929824561, "(450, 500)": 0.3508771929824561, "(475, 525)": 0.3333333333333333, "(500, 550)": 0.3333333333333333, "(525, 575)": 0.43859649122807015, "(550, 600)": 0.3508771929824561, "(575, 625)": 0.42105263157894735, "(600, 650)": 0.2807017543859649, "(625, 675)": 0.3508771929824561, "(650, 700)": 0.3333333333333333}, "subj14_results": {"(300, 350)": 0.3225806451612903, "(325, 375)": 0.3709677419354839, "(350, 400)": 0.3709677419354839, "(375, 425)": 0.3870967741935484, "(400, 450)": 0.22580645161290322, "(425, 475)": 0.3870967741935484, "(450, 500)": 0.3387096774193548, "(475, 525)": 0.25806451612903225, "(500, 550)": 0.25806451612903225, "(525, 575)": 0.22580645161290322, "(550, 600)": 0.4032258064516129, "(575, 625)": 0.4032258064516129, "(600, 650)": 0.3225806451612903, "(625, 675)": 0.2903225806451613, "(650, 700)": 0.3225806451612903}, "subj08_results": {"(300, 350)": 0.3728813559322034, "(325, 375)": 0.288135593220339, "(350, 400)": 0.3050847457627119, "(375, 425)": 0.3728813559322034, "(400, 450)": 0.3728813559322034, "(425, 475)": 0.3220338983050847, "(450, 500)": 0.2711864406779661, "(475, 525)": 0.2711864406779661, "(500, 550)": 0.3220338983050847, "(525, 575)": 0.4406779661016949, "(550, 600)": 0.423728813559322, "(575, 625)": 0.3898305084745763, "(600, 650)": 0.4067796610169492, "(625, 675)": 0.4576271186440678, "(650, 700)": 0.4745762711864407}, "subj02_results": {"(300, 350)": 0.3090909090909091, "(325, 375)": 0.32727272727272727, "(350, 400)": 0.32727272727272727, "(375, 425)": 0.2, "(400, 450)": 0.32727272727272727, "(425, 475)": 0.41818181818181815, "(450, 500)": 0.38181818181818183, "(475, 525)": 0.4, "(500, 550)": 0.3090909090909091, "(525, 575)": 0.21818181818181817, "(550, 600)": 0.34545454545454546, "(575, 625)": 0.34545454545454546, "(600, 650)": 0.43636363636363634, "(625, 675)": 0.41818181818181815, "(650, 700)": 0.4727272727272727}, "subj01_results": {"(300, 350)": 0.375, "(325, 375)": 0.4107142857142857, "(350, 400)": 0.39285714285714285, "(375, 425)": 0.32142857142857145, "(400, 450)": 0.39285714285714285, "(425, 475)": 0.375, "(450, 500)": 0.375, "(475, 525)": 0.42857142857142855, "(500, 550)": 0.23214285714285715, "(525, 575)": 0.2857142857142857, "(550, 600)": 0.32142857142857145, "(575, 625)": 0.35714285714285715, "(600, 650)": 0.32142857142857145, "(625, 675)": 0.26785714285714285, "(650, 700)": 0.32142857142857145}, "subj07_results": {"(300, 350)": 0.3728813559322034, "(325, 375)": 0.3728813559322034, "(350, 400)": 0.4067796610169492, "(375, 425)": 0.3220338983050847, "(400, 450)": 0.2542372881355932, "(425, 475)": 0.288135593220339, "(450, 500)": 0.3389830508474576, "(475, 525)": 0.2711864406779661, "(500, 550)": 0.3559322033898305, "(525, 575)": 0.3559322033898305, "(550, 600)": 0.3559322033898305, "(575, 625)": 0.3559322033898305, "(600, 650)": 0.3898305084745763, "(625, 675)": 0.4067796610169492, "(650, 700)": 0.3728813559322034}, "subj11_results": {"(300, 350)": 0.2727272727272727, "(325, 375)": 0.32727272727272727, "(350, 400)": 0.41818181818181815, "(375, 425)": 0.4, "(400, 450)": 0.4, "(425, 475)": 0.43636363636363634, "(450, 500)": 0.41818181818181815, "(475, 525)": 0.4, "(500, 550)": 0.41818181818181815, "(525, 575)": 0.41818181818181815, "(550, 600)": 0.2727272727272727, "(575, 625)": 0.4, "(600, 650)": 0.3090909090909091, "(625, 675)": 0.2545454545454545, "(650, 700)": 0.34545454545454546}, "subj17_results": {"(300, 350)": 0.3392857142857143, "(325, 375)": 0.3392857142857143, "(350, 400)": 0.32142857142857145, "(375, 425)": 0.4107142857142857, "(400, 450)": 0.375, "(425, 475)": 0.26785714285714285, "(450, 500)": 0.30357142857142855, "(475, 525)": 0.26785714285714285, "(500, 550)": 0.3392857142857143, "(525, 575)": 0.2857142857142857, "(550, 600)": 0.19642857142857142, "(575, 625)": 0.26785714285714285, "(600, 650)": 0.16071428571428573, "(625, 675)": 0.21428571428571427, "(650, 700)": 0.21428571428571427}, "subj19_results": {"(300, 350)": 0.3076923076923077, "(325, 375)": 0.27692307692307694, "(350, 400)": 0.26153846153846155, "(375, 425)": 0.2923076923076923, "(400, 450)": 0.3384615384615385, "(425, 475)": 0.35384615384615387, "(450, 500)": 0.35384615384615387, "(475, 525)": 0.4, "(500, 550)": 0.3384615384615385, "(525, 575)": 0.3230769230769231, "(550, 600)": 0.38461538461538464, "(575, 625)": 0.3230769230769231, "(600, 650)": 0.38461538461538464, "(625, 675)": 0.26153846153846155, "(650, 700)": 0.2923076923076923}, "subj06_results": {"(300, 350)": 0.27586206896551724, "(325, 375)": 0.29310344827586204, "(350, 400)": 0.3620689655172414, "(375, 425)": 0.41379310344827586, "(400, 450)": 0.39655172413793105, "(425, 475)": 0.22413793103448276, "(450, 500)": 0.22413793103448276, "(475, 525)": 0.3103448275862069, "(500, 550)": 0.29310344827586204, "(525, 575)": 0.29310344827586204, "(550, 600)": 0.3275862068965517, "(575, 625)": 0.25862068965517243, "(600, 650)": 0.3103448275862069, "(625, 675)": 0.3620689655172414, "(650, 700)": 0.25862068965517243}, "subj10_results": {"(300, 350)": 0.37037037037037035, "(325, 375)": 0.3148148148148148, "(350, 400)": 0.42592592592592593, "(375, 425)": 0.37037037037037035, "(400, 450)": 0.35185185185185186, "(425, 475)": 0.35185185185185186, "(450, 500)": 0.37037037037037035, "(475, 525)": 0.35185185185185186, "(500, 550)": 0.35185185185185186, "(525, 575)": 0.2962962962962963, "(550, 600)": 0.5, "(575, 625)": 0.48148148148148145, "(600, 650)": 0.35185185185185186, "(625, 675)": 0.3888888888888889, "(650, 700)": 0.46296296296296297}, "subj16_results": {"(300, 350)": 0.25, "(325, 375)": 0.3076923076923077, "(350, 400)": 0.36538461538461536, "(375, 425)": 0.36538461538461536, "(400, 450)": 0.36538461538461536, "(425, 475)": 0.36538461538461536, "(450, 500)": 0.28846153846153844, "(475, 525)": 0.28846153846153844, "(500, 550)": 0.28846153846153844, "(525, 575)": 0.28846153846153844, "(550, 600)": 0.38461538461538464, "(575, 625)": 0.2692307692307692, "(600, 650)": 0.34615384615384615, "(625, 675)": 0.3269230769230769, "(650, 700)": 0.3269230769230769}, "subj09_results": {"(300, 350)": 0.41379310344827586, "(325, 375)": 0.3620689655172414, "(350, 400)": 0.3448275862068966, "(375, 425)": 0.3448275862068966, "(400, 450)": 0.3275862068965517, "(425, 475)": 0.3793103448275862, "(450, 500)": 0.3275862068965517, "(475, 525)": 0.2413793103448276, "(500, 550)": 0.3448275862068966, "(525, 575)": 0.27586206896551724, "(550, 600)": 0.4827586206896552, "(575, 625)": 0.603448275862069, "(600, 650)": 0.46551724137931033, "(625, 675)": 0.3620689655172414, "(650, 700)": 0.3793103448275862}, "subj12_results": {"(300, 350)": 0.288135593220339, "(325, 375)": 0.2711864406779661, "(350, 400)": 0.3050847457627119, "(375, 425)": 0.3898305084745763, "(400, 450)": 0.2542372881355932, "(425, 475)": 0.3050847457627119, "(450, 500)": 0.2711864406779661, "(475, 525)": 0.3050847457627119, "(500, 550)": 0.3728813559322034, "(525, 575)": 0.3389830508474576, "(550, 600)": 0.23728813559322035, "(575, 625)": 0.3220338983050847, "(600, 650)": 0.3220338983050847, "(625, 675)": 0.3728813559322034, "(650, 700)": 0.4406779661016949}, "subj04_results": {"(300, 350)": 0.49122807017543857, "(325, 375)": 0.22807017543859648, "(350, 400)": 0.22807017543859648, "(375, 425)": 0.21052631578947367, "(400, 450)": 0.2631578947368421, "(425, 475)": 0.3157894736842105, "(450, 500)": 0.3157894736842105, "(475, 525)": 0.2807017543859649, "(500, 550)": 0.2807017543859649, "(525, 575)": 0.3157894736842105, "(550, 600)": 0.3508771929824561, "(575, 625)": 0.2807017543859649, "(600, 650)": 0.3157894736842105, "(625, 675)": 0.45614035087719296, "(650, 700)": 0.42105263157894735}, "subj03_results": {"(300, 350)": 0.43333333333333335, "(325, 375)": 0.4166666666666667, "(350, 400)": 0.31666666666666665,