{"subj20_results": {"(300, 350)": 0.3508771929824561, "(350, 400)": 0.3333333333333333, "(400, 450)": 0.24561403508771928, "(450, 500)": 0.3508771929824561, "(500, 550)": 0.3333333333333333, "(550, 600)": 0.3508771929824561, "(600, 650)": 0.2807017543859649, "(650, 700)": 0.3333333333333333}, "subj14_results": {"(300, 350)": 0.3225806451612903, "(350, 400)": 0.3709677419354839, "(400, 450)": 0.22580645161290322, "(450, 500)": 0.3387096774193548, "(500, 550)": 0.25806451612903225, "(550, 600)": 0.4032258064516129, "(600, 650)": 0.3225806451612903, "(650, 700)": 0.3225806451612903}, "subj08_results": {"(300, 350)": 0.3728813559322034, "(350, 400)": 0.3050847457627119, "(400, 450)": 0.3728813559322034, "(450, 500)": 0.2711864406779661, "(500, 550)": 0.3220338983050847, "(550, 600)": 0.423728813559322, "(600, 650)": 0.4067796610169492, "(650, 700)": 0.4745762711864407}, "subj02_results": {"(300, 350)": 0.3090909090909091, "(350, 400)": 0.32727272727272727, "(400, 450)": 0.32727272727272727, "(450, 500)": 0.38181818181818183, "(500, 550)": 0.3090909090909091, "(550, 600)": 0.34545454545454546, "(600, 650)": 0.43636363636363634, "(650, 700)": 0.4727272727272727}, "subj01_results": {"(300, 350)": 0.375, "(350, 400)": 0.39285714285714285, "(400, 450)": 0.39285714285714285, "(450, 500)": 0.375, "(500, 550)": 0.23214285714285715, "(550, 600)": 0.32142857142857145, "(600, 650)": 0.32142857142857145, "(650, 700)": 0.32142857142857145}, "subj07_results": {"(300, 350)": 0.3728813559322034, "(350, 400)": 0.4067796610169492, "(400, 450)": 0.2542372881355932, "(450, 500)": 0.3389830508474576, "(500, 550)": 0.3559322033898305, "(550, 600)": 0.3559322033898305, "(600, 650)": 0.3898305084745763, "(650, 700)": 0.3728813559322034}, "subj11_results": {"(300, 350)": 0.2727272727272727, "(350, 400)": 0.41818181818181815, "(400, 450)": 0.4, "(450, 500)": 0.41818181818181815, "(500, 550)": 0.41818181818181815, "(550, 600)": 0.2727272727272727, "(600, 650)": 0.3090909090909091, "(650, 700)": 0.34545454545454546}, "subj17_results": {"(300, 350)": 0.3392857142857143, "(350, 400)": 0.32142857142857145, "(400, 450)": 0.375, "(450, 500)": 0.30357142857142855, "(500, 550)": 0.3392857142857143, "(550, 600)": 0.19642857142857142, "(600, 650)": 0.16071428571428573, "(650, 700)": 0.21428571428571427}, "subj19_results": {"(300, 350)": 0.3076923076923077, "(350, 400)": 0.26153846153846155, "(400, 450)": 0.3384615384615385, "(450, 500)": 0.35384615384615387, "(500, 550)": 0.3384615384615385, "(550, 600)": 0.38461538461538464, "(600, 650)": 0.38461538461538464, "(650, 700)": 0.2923076923076923}, "subj06_results": {"(300, 350)": 0.27586206896551724, "(350, 400)": 0.3620689655172414, "(400, 450)": 0.39655172413793105, "(450, 500)": 0.22413793103448276, "(500, 550)": 0.29310344827586204, "(550, 600)": 0.3275862068965517, "(600, 650)": 0.3103448275862069, "(650, 700)": 0.25862068965517243}, "subj10_results": {"(300, 350)": 0.37037037037037035, "(350, 400)": 0.42592592592592593, "(400, 450)": 0.35185185185185186, "(450, 500)": 0.37037037037037035, "(500, 550)": 0.35185185185185186, "(550, 600)": 0.5, "(600, 650)": 0.35185185185185186, "(650, 700)": 0.46296296296296297}, "subj16_results": {"(300, 350)": 0.25, "(350, 400)": 0.36538461538461536, "(400, 450)": 0.36538461538461536, "(450, 500)": 0.28846153846153844, "(500, 550)": 0.28846153846153844, "(550, 600)": 0.38461538461538464, "(600, 650)": 0.34615384615384615, "(650, 700)": 0.3269230769230769}, "subj09_results": {"(300, 350)": 0.41379310344827586, "(350, 400)": 0.3448275862068966, "(400, 450)": 0.3275862068965517, "(450, 500)": 0.3275862068965517, "(500, 550)": 0.3448275862068966, "(550, 600)": 0.4827586206896552, "(600, 650)": 0.46551724137931033, "(650, 700)": 0.3793103448275862}, "subj12_results": {"(300, 350)": 0.288135593220339, "(350, 400)": 0.3050847457627119, "(400, 450)": 0.2542372881355932, "(450, 500)": 0.2711864406779661, "(500, 550)": 0.3728813559322034, "(550, 600)": 0.23728813559322035, "(600, 650)": 0.3220338983050847, "(650, 700)": 0.4406779661016949}, "subj04_results": {"(300, 350)": 0.49122807017543857, "(350, 400)": 0.22807017543859648, "(400, 450)": 0.2631578947368421, "(450, 500)": 0.3157894736842105, "(500, 550)": 0.2807017543859649, "(550, 600)": 0.3508771929824561, "(600, 650)": 0.3157894736842105, "(650, 700)": 0.42105263157894735}, "subj03_results": {"(300, 350)": 0.43333333333333335, "(350, 400)": 0.31666666666666665, "(400, 450)": 0.4166666666666667, "(450, 500)": 0.26666666666666666, "(500, 550)": 0.38333333333333336, "(550, 600)": 0.3333333333333333, "(600, 650)": 0.4666666666666667, "(650, 700)": 0.26666666666666666}, "subj05_results": {"(300, 350)": 0.39655172413793105, "(350, 400)": 0.4482758620689655, "(400, 450)": 0.3793103448275862, "(450, 500)": 0.43103448275862066, "(500, 550)": 0.3103448275862069, "(550, 600)": 0.39655172413793105, "(600, 650)": 0.4482758620689655, "(650, 700)": 0.3793103448275862}, "subj13_results": {"(300, 350)": 0.30357142857142855, "(350, 400)": 0.23214285714285715, "(400, 450)": 0.25, "(450, 500)": 0.32142857142857145, "(500, 550)": 0.3392857142857143, "(550, 600)": 0.32142857142857145, "(600, 650)": 0.39285714285714285, "(650, 700)": 0.4107142857142857}, "subj15_results": {"(300, 350)": 0.35714285714285715, "(350, 400)": 0.35714285714285715, "(400, 450)": 0.30357142857142855, "(450, 500)": 0.44642857142857145, "(500, 550)": 0.30357142857142855, "(550, 600)": 0.42857142857142855, "(600, 650)": 0.375, "(650, 700)": 0.39285714285714285}, "avg_all": {"(300, 350)": 0.34752659490367627, "(350, 400)": 0.3433176031886596, "(400, 450)": 0.3284446610825734, "(450, 500)": 0.33659285251328247, "(500, 550)": 0.3249941909058484, "(550, 600)": 0.35881205054137366, "(600, 650)": 0.3582419035160449, "(650, 700)": 0.3625616586280098}}