{"subj20_results": {"(300, 400)": 0.45614035087719296, "(400, 500)": 0.3333333333333333, "(500, 600)": 0.43859649122807015, "(600, 700)": 0.2807017543859649}, "subj14_results": {"(300, 400)": 0.3709677419354839, "(400, 500)": 0.25806451612903225, "(500, 600)": 0.3548387096774194, "(600, 700)": 0.2903225806451613}, "subj08_results": {"(300, 400)": 0.3220338983050847, "(400, 500)": 0.3559322033898305, "(500, 600)": 0.423728813559322, "(600, 700)": 0.4745762711864407}, "subj02_results": {"(300, 400)": 0.2727272727272727, "(400, 500)": 0.41818181818181815, "(500, 600)": 0.3090909090909091, "(600, 700)": 0.43636363636363634}, "subj01_results": {"(300, 400)": 0.3392857142857143, "(400, 500)": 0.44642857142857145, "(500, 600)": 0.23214285714285715, "(600, 700)": 0.23214285714285715}, "subj07_results": {"(300, 400)": 0.3389830508474576, "(400, 500)": 0.3559322033898305, "(500, 600)": 0.3389830508474576, "(600, 700)": 0.3389830508474576}, "subj11_results": {"(300, 400)": 0.38181818181818183, "(400, 500)": 0.4909090909090909, "(500, 600)": 0.43636363636363634, "(600, 700)": 0.36363636363636365}, "subj17_results": {"(300, 400)": 0.35714285714285715, "(400, 500)": 0.30357142857142855, "(500, 600)": 0.25, "(600, 700)": 0.10714285714285714}, "subj19_results": {"(300, 400)": 0.23076923076923078, "(400, 500)": 0.24615384615384617, "(500, 600)": 0.3384615384615385, "(600, 700)": 0.3230769230769231}, "subj06_results": {"(300, 400)": 0.3448275862068966, "(400, 500)": 0.3275862068965517, "(500, 600)": 0.3793103448275862, "(600, 700)": 0.27586206896551724}, "subj10_results": {"(300, 400)": 0.3888888888888889, "(400, 500)": 0.4074074074074074, "(500, 600)": 0.4074074074074074, "(600, 700)": 0.4074074074074074}, "subj16_results": {"(300, 400)": 0.36538461538461536, "(400, 500)": 0.34615384615384615, "(500, 600)": 0.28846153846153844, "(600, 700)": 0.3076923076923077}, "subj09_results": {"(300, 400)": 0.3620689655172414, "(400, 500)": 0.3620689655172414, "(500, 600)": 0.3448275862068966, "(600, 700)": 0.43103448275862066}, "subj12_results": {"(300, 400)": 0.3050847457627119, "(400, 500)": 0.2542372881355932, "(500, 600)": 0.3050847457627119, "(600, 700)": 0.3220338983050847}, "subj04_results": {"(300, 400)": 0.40350877192982454, "(400, 500)": 0.2982456140350877, "(500, 600)": 0.3333333333333333, "(600, 700)": 0.40350877192982454}, "subj03_results": {"(300, 400)": 0.4, "(400, 500)": 0.31666666666666665, "(500, 600)": 0.36666666666666664, "(600, 700)": 0.38333333333333336}, "subj05_results": {"(300, 400)": 0.43103448275862066, "(400, 500)": 0.46551724137931033, "(500, 600)": 0.39655172413793105, "(600, 700)": 0.41379310344827586}, "subj13_results": {"(300, 400)": 0.2857142857142857, "(400, 500)": 0.30357142857142855, "(500, 600)": 0.3392857142857143, "(600, 700)": 0.42857142857142855}, "subj15_results": {"(300, 400)": 0.3392857142857143, "(400, 500)": 0.35714285714285715, "(500, 600)": 0.32142857142857145, "(600, 700)": 0.35714285714285715}, "avg_all": {"(300, 400)": 0.35240349237669877, "(400, 500)": 0.34984760702067214, "(500, 600)": 0.3476086125731351, "(600, 700)": 0.34617505020959577}}