{"subj20_results": {"(0, 40)": 0.3508771929824561, "(20, 60)": 0.3333333333333333, "(40, 80)": 0.3684210526315789, "(60, 100)": 0.3684210526315789, "(80, 120)": 0.3684210526315789, "(100, 140)": 0.43859649122807015, "(120, 160)": 0.5614035087719298, "(140, 180)": 0.631578947368421, "(160, 200)": 0.5964912280701754, "(180, 220)": 0.5614035087719298, "(200, 240)": 0.5964912280701754, "(220, 260)": 0.47368421052631576, "(240, 280)": 0.42105263157894735, "(260, 300)": 0.2982456140350877, "(280, 320)": 0.3508771929824561, "(300, 340)": 0.38596491228070173, "(320, 360)": 0.5263157894736842, "(340, 380)": 0.40350877192982454, "(360, 400)": 0.3508771929824561}, "subj14_results": {"(0, 40)": 0.1774193548387097, "(20, 60)": 0.3387096774193548, "(40, 80)": 0.3225806451612903, "(60, 100)": 0.27419354838709675, "(80, 120)": 0.3225806451612903, "(100, 140)": 0.3387096774193548, "(120, 160)": 0.46774193548387094, "(140, 180)": 0.5161290322580645, "(160, 200)": 0.532258064516129, "(180, 220)": 0.4838709677419355, "(200, 240)": 0.43548387096774194, "(220, 260)": 0.5645161290322581, "(240, 280)": 0.3709677419354839, "(260, 300)": 0.3387096774193548, "(280, 320)": 0.3387096774193548, "(300, 340)": 0.3387096774193548, "(320, 360)": 0.3870967741935484, "(340, 380)": 0.3387096774193548, "(360, 400)": 0.3709677419354839}, "subj08_results": {"(0, 40)": 0.288135593220339, "(20, 60)": 0.3050847457627119, "(40, 80)": 0.2542372881355932, "(60, 100)": 0.3220338983050847, "(80, 120)": 0.4067796610169492, "(100, 140)": 0.3728813559322034, "(120, 160)": 0.3898305084745763, "(140, 180)": 0.5084745762711864, "(160, 200)": 0.559322033898305, "(180, 220)": 0.423728813559322, "(200, 240)": 0.4406779661016949, "(220, 260)": 0.3898305084745763, "(240, 280)": 0.3728813559322034, "(260, 300)": 0.4067796610169492, "(280, 320)": 0.4406779661016949, "(300, 340)": 0.3728813559322034, "(320, 360)": 0.288135593220339, "(340, 380)": 0.4067796610169492, "(360, 400)": 0.3389830508474576}, "subj02_results": {"(0, 40)": 0.32727272727272727, "(20, 60)": 0.41818181818181815, "(40, 80)": 0.32727272727272727, "(60, 100)": 0.41818181818181815, "(80, 120)": 0.32727272727272727, "(100, 140)": 0.34545454545454546, "(120, 160)": 0.23636363636363636, "(140, 180)": 0.2545454545454545, "(160, 200)": 0.3090909090909091, "(180, 220)": 0.32727272727272727, "(200, 240)": 0.34545454545454546, "(220, 260)": 0.41818181818181815, "(240, 280)": 0.32727272727272727, "(260, 300)": 0.34545454545454546, "(280, 320)": 0.34545454545454546, "(300, 340)": 0.2545454545454545, "(320, 360)": 0.32727272727272727, "(340, 380)": 0.4, "(360, 400)": 0.32727272727272727}, "subj01_results": {"(0, 40)": 0.375, "(20, 60)": 0.375, "(40, 80)": 0.4107142857142857, "(60, 100)": 0.39285714285714285, "(80, 120)": 0.5, "(100, 140)": 0.4642857142857143, "(120, 160)": 0.6964285714285714, "(140, 180)": 0.5892857142857143, "(160, 200)": 0.42857142857142855, "(180, 220)": 0.4107142857142857, "(200, 240)": 0.4642857142857143, "(220, 260)": 0.4642857142857143, "(240, 280)": 0.42857142857142855, "(260, 300)": 0.35714285714285715, "(280, 320)": 0.2857142857142857, "(300, 340)": 0.39285714285714285, "(320, 360)": 0.39285714285714285, "(340, 380)": 0.32142857142857145, "(360, 400)": 0.4107142857142857}, "subj07_results": {"(0, 40)": 0.2542372881355932, "(20, 60)": 0.2033898305084746, "(40, 80)": 0.3389830508474576, "(60, 100)": 0.4406779661016949, "(80, 120)": 0.3898305084745763, "(100, 140)": 0.4067796610169492, "(120, 160)": 0.423728813559322, "(140, 180)": 0.5254237288135594, "(160, 200)": 0.4067796610169492, "(180, 220)": 0.4406779661016949, "(200, 240)": 0.4406779661016949, "(220, 260)": 0.4745762711864407, "(240, 280)": 0.3220338983050847, "(260, 300)": 0.3898305084745763, "(280, 320)": 0.3389830508474576, "(300, 340)": 0.3559322033898305, "(320, 360)": 0.3898305084745763, "(340, 380)": 0.3050847457627119, "(360, 400)": 0.423728813559322}, "subj11_results": {"(0, 40)": 0.32727272727272727, "(20, 60)": 0.34545454545454546, "(40, 80)": 0.2545454545454545, "(60, 100)": 0.2909090909090909, "(80, 120)": 0.3090909090909091, "(100, 140)": 0.38181818181818183, "(120, 160)": 0.2909090909090909, "(140, 180)": 0.5272727272727272, "(160, 200)": 0.5636363636363636, "(180, 220)": 0.4727272727272727, "(200, 240)": 0.3090909090909091, "(220, 260)": 0.36363636363636365, "(240, 280)": 0.41818181818181815, "(260, 300)": 0.36363636363636365, "(280, 320)": 0.3090909090909091, "(300, 340)": 0.23636363636363636, "(320, 360)": 0.2545454545454545, "(340, 380)": 0.36363636363636365, "(360, 400)": 0.38181818181818183}, "subj17_results": {"(0, 40)": 0.32142857142857145, "(20, 60)": 0.32142857142857145, "(40, 80)": 0.30357142857142855, "(60, 100)": 0.35714285714285715, "(80, 120)": 0.4107142857142857, "(100, 140)": 0.44642857142857145, "(120, 160)": 0.375, "(140, 180)": 0.44642857142857145, "(160, 200)": 0.35714285714285715, "(180, 220)": 0.32142857142857145, "(200, 240)": 0.32142857142857145, "(220, 260)": 0.39285714285714285, "(240, 280)": 0.3392857142857143, "(260, 300)": 0.21428571428571427, "(280, 320)": 0.26785714285714285, "(300, 340)": 0.35714285714285715, "(320, 360)": 0.39285714285714285, "(340, 380)": 0.35714285714285715, "(360, 400)": 0.44642857142857145}, "subj19_results": {"(0, 40)": 0.2923076923076923, "(20, 60)": 0.2923076923076923, "(40, 80)": 0.3076923076923077, "(60, 100)": 0.24615384615384617, "(80, 120)": 0.2, "(100, 140)": 0.2153846153846154, "(120, 160)": 0.26153846153846155, "(140, 180)": 0.3384615384615385, "(160, 200)": 0.4307692307692308, "(180, 220)": 0.4307692307692308, "(200, 240)": 0.4153846153846154, "(220, 260)": 0.4153846153846154, "(240, 280)": 0.4461538461538462, "(260, 300)": 0.3384615384615385, "(280, 320)": 0.35384615384615387, "(300, 340)": 0.38461538461538464, "(320, 360)": 0.3384615384615385, "(340, 380)": 0.3230769230769231, "(360, 400)": 0.3076923076923077}, "subj06_results": {"(0, 40)": 0.3103448275862069, "(20, 60)": 0.27586206896551724, "(40, 80)": 0.1896551724137931, "(60, 100)": 0.2413793103448276, "(80, 120)": 0.27586206896551724, "(100, 140)": 0.20689655172413793, "(120, 160)": 0.43103448275862066, "(140, 180)": 0.4827586206896552, "(160, 200)": 0.41379310344827586, "(180, 220)": 0.5, "(200, 240)": 0.4482758620689655, "(220, 260)": 0.39655172413793105, "(240, 280)": 0.41379310344827586, "(260, 300)": 0.3275862068965517, "(280, 320)": 0.3793103448275862, "(300, 340)": 0.29310344827586204, "(320, 360)": 0.29310344827586204, "(340, 380)": 0.29310344827586204, "(360, 400)": 0.3448275862068966}, "subj10_results": {"(0, 40)": 0.3888888888888889, "(20, 60)": 0.37037037037037035, "(40, 80)": 0.4074074074074074, "(60, 100)": 0.3148148148148148, "(80, 120)": 0.3888888888888889, "(100, 140)": 0.42592592592592593, "(120, 160)": 0.48148148148148145, "(140, 180)": 0.48148148148148145, "(160, 200)": 0.46296296296296297, "(180, 220)": 0.35185185185185186, "(200, 240)": 0.46296296296296297, "(220, 260)": 0.46296296296296297, "(240, 280)": 0.3888888888888889, "(260, 300)": 0.3148148148148148, "(280, 320)": 0.42592592592592593, "(300, 340)": 0.4074074074074074, "(320, 360)": 0.3333333333333333, "(340, 380)": 0.3333333333333333, "(360, 400)": 0.42592592592592593}, "subj16_results": {"(0, 40)": 0.36538461538461536, "(20, 60)": 0.36538461538461536, "(40, 80)": 0.28846153846153844, "(60, 100)": 0.38461538461538464, "(80, 120)": 0.46153846153846156, "(100, 140)": 0.4230769230769231, "(120, 160)": 0.40384615384615385, "(140, 180)": 0.25, "(160, 200)": 0.28846153846153844, "(180, 220)": 0.3076923076923077, "(200, 240)": 0.23076923076923078, "(220, 260)": 0.25, "(240, 280)": 0.28846153846153844, "(260, 300)": 0.3269230769230769, "(280, 320)": 0.3076923076923077, "(300, 340)": 0.3076923076923077, "(320, 360)": 0.25, "(340, 380)": 0.38461538461538464, "(360, 400)": 0.38461538461538464}, "subj09_results": {"(0, 40)": 0.25862068965517243, "(20, 60)": 0.41379310344827586, "(40, 80)": 0.39655172413793105, "(60, 100)": 0.27586206896551724,