{"subj20_results": {"(0, 50)": 0.3684210526315789, "(25, 75)": 0.40350877192982454, "(50, 100)": 0.42105263157894735, "(75, 125)": 0.38596491228070173, "(100, 150)": 0.45614035087719296, "(125, 175)": 0.6491228070175439, "(150, 200)": 0.6140350877192983, "(175, 225)": 0.5964912280701754, "(200, 250)": 0.6140350877192983, "(225, 275)": 0.5263157894736842, "(250, 300)": 0.40350877192982454, "(275, 325)": 0.40350877192982454, "(300, 350)": 0.3508771929824561, "(325, 375)": 0.5087719298245614, "(350, 400)": 0.3333333333333333}, "subj14_results": {"(0, 50)": 0.3225806451612903, "(25, 75)": 0.3064516129032258, "(50, 100)": 0.3225806451612903, "(75, 125)": 0.3064516129032258, "(100, 150)": 0.4032258064516129, "(125, 175)": 0.5, "(150, 200)": 0.5645161290322581, "(175, 225)": 0.4838709677419355, "(200, 250)": 0.4032258064516129, "(225, 275)": 0.43548387096774194, "(250, 300)": 0.3387096774193548, "(275, 325)": 0.3064516129032258, "(300, 350)": 0.3225806451612903, "(325, 375)": 0.3709677419354839, "(350, 400)": 0.3709677419354839}, "subj08_results": {"(0, 50)": 0.3728813559322034, "(25, 75)": 0.2711864406779661, "(50, 100)": 0.3559322033898305, "(75, 125)": 0.3559322033898305, "(100, 150)": 0.3898305084745763, "(125, 175)": 0.4915254237288136, "(150, 200)": 0.5423728813559322, "(175, 225)": 0.4406779661016949, "(200, 250)": 0.3898305084745763, "(225, 275)": 0.3389830508474576, "(250, 300)": 0.3728813559322034, "(275, 325)": 0.3728813559322034, "(300, 350)": 0.3728813559322034, "(325, 375)": 0.288135593220339, "(350, 400)": 0.3050847457627119}, "subj02_results": {"(0, 50)": 0.34545454545454546, "(25, 75)": 0.4, "(50, 100)": 0.38181818181818183, "(75, 125)": 0.32727272727272727, "(100, 150)": 0.2727272727272727, "(125, 175)": 0.23636363636363636, "(150, 200)": 0.2727272727272727, "(175, 225)": 0.4, "(200, 250)": 0.32727272727272727, "(225, 275)": 0.38181818181818183, "(250, 300)": 0.2545454545454545, "(275, 325)": 0.23636363636363636, "(300, 350)": 0.3090909090909091, "(325, 375)": 0.32727272727272727, "(350, 400)": 0.32727272727272727}, "subj01_results": {"(0, 50)": 0.4107142857142857, "(25, 75)": 0.39285714285714285, "(50, 100)": 0.4107142857142857, "(75, 125)": 0.42857142857142855, "(100, 150)": 0.5, "(125, 175)": 0.6785714285714286, "(150, 200)": 0.5178571428571429, "(175, 225)": 0.375, "(200, 250)": 0.5, "(225, 275)": 0.44642857142857145, "(250, 300)": 0.35714285714285715, "(275, 325)": 0.375, "(300, 350)": 0.375, "(325, 375)": 0.4107142857142857, "(350, 400)": 0.39285714285714285}, "subj07_results": {"(0, 50)": 0.2711864406779661, "(25, 75)": 0.2542372881355932, "(50, 100)": 0.3898305084745763, "(75, 125)": 0.4067796610169492, "(100, 150)": 0.3728813559322034, "(125, 175)": 0.3898305084745763, "(150, 200)": 0.423728813559322, "(175, 225)": 0.4067796610169492, "(200, 250)": 0.4067796610169492, "(225, 275)": 0.4067796610169492, "(250, 300)": 0.4067796610169492, "(275, 325)": 0.3898305084745763, "(300, 350)": 0.3728813559322034, "(325, 375)": 0.3728813559322034, "(350, 400)": 0.4067796610169492}, "subj11_results": {"(0, 50)": 0.34545454545454546, "(25, 75)": 0.32727272727272727, "(50, 100)": 0.2909090909090909, "(75, 125)": 0.2545454545454545, "(100, 150)": 0.38181818181818183, "(125, 175)": 0.36363636363636365, "(150, 200)": 0.5272727272727272, "(175, 225)": 0.45454545454545453, "(200, 250)": 0.3090909090909091, "(225, 275)": 0.38181818181818183, "(250, 300)": 0.3090909090909091, "(275, 325)": 0.3090909090909091, "(300, 350)": 0.2727272727272727, "(325, 375)": 0.32727272727272727, "(350, 400)": 0.41818181818181815}, "subj17_results": {"(0, 50)": 0.3392857142857143, "(25, 75)": 0.3392857142857143, "(50, 100)": 0.30357142857142855, "(75, 125)": 0.4642857142857143, "(100, 150)": 0.48214285714285715, "(125, 175)": 0.4642857142857143, "(150, 200)": 0.42857142857142855, "(175, 225)": 0.3392857142857143, "(200, 250)": 0.39285714285714285, "(225, 275)": 0.35714285714285715, "(250, 300)": 0.2857142857142857, "(275, 325)": 0.26785714285714285, "(300, 350)": 0.3392857142857143, "(325, 375)": 0.3392857142857143, "(350, 400)": 0.32142857142857145}, "subj19_results": {"(0, 50)": 0.3076923076923077, "(25, 75)": 0.3076923076923077, "(50, 100)": 0.3076923076923077, "(75, 125)": 0.2153846153846154, "(100, 150)": 0.24615384615384617, "(125, 175)": 0.2923076923076923, "(150, 200)": 0.38461538461538464, "(175, 225)": 0.4153846153846154, "(200, 250)": 0.4, "(225, 275)": 0.46153846153846156, "(250, 300)": 0.3384615384615385, "(275, 325)": 0.36923076923076925, "(300, 350)": 0.3076923076923077, "(325, 375)": 0.27692307692307694, "(350, 400)": 0.26153846153846155}, "subj06_results": {"(0, 50)": 0.2413793103448276, "(25, 75)": 0.25862068965517243, "(50, 100)": 0.22413793103448276, "(75, 125)": 0.22413793103448276, "(100, 150)": 0.29310344827586204, "(125, 175)": 0.46551724137931033, "(150, 200)": 0.4482758620689655, "(175, 225)": 0.4827586206896552, "(200, 250)": 0.43103448275862066, "(225, 275)": 0.3620689655172414, "(250, 300)": 0.39655172413793105, "(275, 325)": 0.3793103448275862, "(300, 350)": 0.27586206896551724, "(325, 375)": 0.29310344827586204, "(350, 400)": 0.3620689655172414}, "subj10_results": {"(0, 50)": 0.4074074074074074, "(25, 75)": 0.4074074074074074, "(50, 100)": 0.4074074074074074, "(75, 125)": 0.35185185185185186, "(100, 150)": 0.46296296296296297, "(125, 175)": 0.48148148148148145, "(150, 200)": 0.5, "(175, 225)": 0.4444444444444444, "(200, 250)": 0.4444444444444444, "(225, 275)": 0.46296296296296297, "(250, 300)": 0.2777777777777778, "(275, 325)": 0.42592592592592593, "(300, 350)": 0.37037037037037035, "(325, 375)": 0.3148148148148148, "(350, 400)": 0.42592592592592593}, "subj16_results": {"(0, 50)": 0.40384615384615385, "(25, 75)": 0.4807692307692308, "(50, 100)": 0.3076923076923077, "(75, 125)": 0.4230769230769231, "(100, 150)": 0.4423076923076923, "(125, 175)": 0.25, "(150, 200)": 0.28846153846153844, "(175, 225)": 0.3076923076923077, "(200, 250)": 0.21153846153846154, "(225, 275)": 0.3076923076923077, "(250, 300)": 0.34615384615384615, "(275, 325)": 0.34615384615384615, "(300, 350)": 0.25, "(325, 375)": 0.3076923076923077, "(350, 400)": 0.36538461538461536}, "subj09_results": {"(0, 50)": 0.27586206896551724, "(25, 75)": 0.3103448275862069, "(50, 100)": 0.3103448275862069, "(75, 125)": 0.3103448275862069, "(100, 150)": 0.3793103448275862, "(125, 175)": 0.6724137931034483, "(150, 200)": 0.5689655172413793, "(175, 225)": 0.4827586206896552, "(200, 250)": 0.3793103448275862, "(225, 275)": 0.39655172413793105, "(250, 300)": 0.27586206896551724, "(275, 325)": 0.3620689655172414, "(300, 350)": 0.41379310344827586, "(325, 375)": 0.3620689655172414, "(350, 400)": 0.3448275862068966}, "subj12_results": {"(0, 50)": 0.2711864406779661, "(25, 75)": 0.3559322033898305, "(50, 100)": 0.3220338983050847, "(75, 125)": 0.4745762711864407, "(100, 150)": 0.4067796610169492, "(125, 175)": 0.423728813559322, "(150, 200)": 0.3898305084745763, "(175, 225)": 0.3559322033898305, "(200, 250)": 0.3728813559322034, "(225, 275)": 0.2711864406779661, "(250, 300)": 0.3898305084745763, "(275, 325)": 0.3898305084745763, "(300, 350)": 0.288135593220339, "(325, 375)": 0.2711864406779661, "(350, 400)": 0.3050847457627119}, "subj04_results": {"(0, 50)": 0.3157894736842105, "(25, 75)": 0.22807017543859648, "(50, 100)": 0.24561403508771928, "(75, 125)": 0.2982456140350877, "(100, 150)": 0.38596491228070173, "(125, 175)": 0.42105263157894735, "(150, 200)": 0.38596491228070173, "(175, 225)": 0.45614035087719296, "(200, 250)": 0.3684210526315789, "(225, 275)": 0.22807017543859648, "(250, 300)": 0.47368421052631576, "(275, 325)": 0.42105263157894735, "(300, 350)": 0.49122807017543857, "(325, 375)": 0.22807017543859648, "(350, 400)": 0.22807017543859648}, "subj03_results": {"(0, 50)": 0.31666666666666665, "(25, 75)": 0.3333333333333333, "(50, 100)": 0.31666666666666665, "(75, 125)": 0.38333333333333336, "(100, 150)": 0.43333333333333335, "(125, 175)": 0.55, "(150, 200)": 0.5833333333333334,